定日镜序号,吸收塔x坐标(m),吸收塔y坐标(m),定日镜宽度(m),定日镜高度(m),定日镜x坐标(m),定日镜y坐标(m),定日镜z坐标(m),镜面面积(m2)
1,0.0,0.0,6.0,6.0,107.25,11.664,4.0,36.0
2,0.0,0.0,6.0,6.0,105.36,23.191,4.0,36.0
3,0.0,0.0,6.0,6.0,102.235,34.447,4.0,36.0
4,0.0,0.0,6.0,6.0,97.911,45.299,4.0,36.0
5,0.0,0.0,6.0,6.0,92.44,55.619,4.0,36.0
6,0.0,0.0,6.0,6.0,85.884,65.288,4.0,36.0
7,0.0,0.0,6.0,6.0,78.322,74.191,4.0,36.0
8,0.0,0.0,6.0,6.0,69.841,82.224,4.0,36.0
9,0.0,0.0,6.0,6.0,60.542,89.293,4.0,36.0
10,0.0,0.0,6.0,6.0,50.533,95.315,4.0,36.0
11,0.0,0.0,6.0,6.0,39.931,100.22,4.0,36.0
12,0.0,0.0,6.0,6.0,28.862,103.95,4.0,36.0
13,0.0,0.0,6.0,6.0,17.453,106.461,4.0,36.0
14,0.0,0.0,6.0,6.0,5.841,107.724,4.0,36.0
15,0.0,0.0,6.0,6.0,-5.841,107.724,4.0,36.0
16,0.0,0.0,6.0,6.0,-17.453,106.461,4.0,36.0
17,0.0,0.0,6.0,6.0,-28.862,103.95,4.0,36.0
18,0.0,0.0,6.0,6.0,-39.931,100.22,4.0,36.0
19,0.0,0.0,6.0,6.0,-50.533,95.315,4.0,36.0
20,0.0,0.0,6.0,6.0,-60.542,89.293,4.0,36.0
21,0.0,0.0,6.0,6.0,-69.841,82.224,4.0,36.0
22,0.0,0.0,6.0,6.0,-78.322,74.191,4.0,36.0
23,0.0,0.0,6.0,6.0,-85.884,65.288,4.0,36.0
24,0.0,0.0,6.0,6.0,-92.44,55.619,4.0,36.0
25,0.0,0.0,6.0,6.0,-97.911,45.299,4.0,36.0
26,0.0,0.0,6.0,6.0,-102.235,34.447,4.0,36.0
27,0.0,0.0,6.0,6.0,-105.36,23.191,4.0,36.0
28,0.0,0.0,6.0,6.0,-107.25,11.664,4.0,36.0
29,0.0,0.0,6.0,6.0,-107.882,0.0,4.0,36.0
30,0.0,0.0,6.0,6.0,-107.25,-11.664,4.0,36.0
31,0.0,0.0,6.0,6.0,-105.36,-23.191,4.0,36.0
32,0.0,0.0,6.0,6.0,-102.235,-34.447,4.0,36.0
33,0.0,0.0,6.0,6.0,-97.911,-45.299,4.0,36.0
34,0.0,0.0,6.0,6.0,-92.44,-55.619,4.0,36.0
35,0.0,0.0,6.0,6.0,-85.884,-65.288,4.0,36.0
36,0.0,0.0,6.0,6.0,-78.322,-74.191,4.0,36.0
37,0.0,0.0,6.0,6.0,-69.841,-82.224,4.0,36.0
38,0.0,0.0,6.0,6.0,-60.542,-89.293,4.0,36.0
39,0.0,0.0,6.0,6.0,-50.533,-95.315,4.0,36.0
40,0.0,0.0,6.0,6.0,-39.931,-100.22,4.0,36.0
41,0.0,0.0,6.0,6.0,-28.862,-103.95,4.0,36.0
42,0.0,0.0,6.0,6.0,-17.453,-106.461,4.0,36.0
43,0.0,0.0,6.0,6.0,-5.841,-107.724,4.0,36.0
44,0.0,0.0,6.0,6.0,5.841,-107.724,4.0,36.0
45,0.0,0.0,6.0,6.0,17.453,-106.461,4.0,36.0
46,0.0,0.0,6.0,6.0,28.862,-103.95,4.0,36.0
47,0.0,0.0,6.0,6.0,39.931,-100.22,4.0,36.0
48,0.0,0.0,6.0,6.0,50.533,-95.315,4.0,36.0
49,0.0,0.0,6.0,6.0,60.542,-89.293,4.0,36.0
50,0.0,0.0,6.0,6.0,69.841,-82.224,4.0,36.0
51,0.0,0.0,6.0,6.0,78.322,-74.191,4.0,36.0
52,0.0,0.0,6.0,6.0,85.884,-65.288,4.0,36.0
53,0.0,0.0,6.0,6.0,92.44,-55.619,4.0,36.0
54,0.0,0.0,6.0,6.0,97.911,-45.299,4.0,36.0
55,0.0,0.0,6.0,6.0,102.235,-34.447,4.0,36.0
56,0.0,0.0,6.0,6.0,105.36,-23.191,4.0,36.0
57,0.0,0.0,6.0,6.0,107.25,-11.664,4.0,36.0
58,0.0,0.0,6.0,6.0,107.882,0.0,4.0,36.0
59,0.0,0.0,6.0,6.0,121.217,6.05,4.0,36.0
60,0.0,0.0,6.0,6.0,120.012,18.089,4.0,36.0
61,0.0,0.0,6.0,6.0,117.615,29.948,4.0,36.0
62,0.0,0.0,6.0,6.0,114.048,41.51,4.0,36.0
63,0.0,0.0,6.0,6.0,109.348,52.659,4.0,36.0
64,0.0,0.0,6.0,6.0,103.562,63.285,4.0,36.0
65,0.0,0.0,6.0,6.0,96.746,73.282,4.0,36.0
66,0.0,0.0,6.0,6.0,88.969,82.551,4.0,36.0
67,0.0,0.0,6.0,6.0,80.307,90.999,4.0,36.0
68,0.0,0.0,6.0,6.0,70.848,98.543,4.0,36.0
69,0.0,0.0,6.0,6.0,60.684,105.107,4.0,36.0
70,0.0,0.0,6.0,6.0,49.917,110.627,4.0,36.0
71,0.0,0.0,6.0,6.0,38.654,115.048,4.0,36.0
72,0.0,0.0,6.0,6.0,27.007,118.325,4.0,36.0
73,0.0,0.0,6.0,6.0,15.091,120.426,4.0,36.0
74,0.0,0.0,6.0,6.0,3.026,121.33,4.0,36.0
75,0.0,0.0,6.0,6.0,-9.07,121.028,4.0,36.0
76,0.0,0.0,6.0,6.0,-21.075,119.524,4.0,36.0
77,0.0,0.0,6.0,6.0,-32.871,116.831,4.0,36.0
78,0.0,0.0,6.0,6.0,-44.341,112.978,4.0,36.0
79,0.0,0.0,6.0,6.0,-55.369,108.002,4.0,36.0
80,0.0,0.0,6.0,6.0,-65.848,101.952,4.0,36.0
81,0.0,0.0,6.0,6.0,-75.671,94.889,4.0,36.0
82,0.0,0.0,6.0,6.0,-84.743,86.883,4.0,36.0
83,0.0,0.0,6.0,6.0,-92.973,78.014,4.0,36.0
84,0.0,0.0,6.0,6.0,-100.279,68.369,4.0,36.0
85,0.0,0.0,6.0,6.0,-106.588,58.045,4.0,36.0
86,0.0,0.0,6.0,6.0,-111.837,47.143,4.0,36.0
87,0.0,0.0,6.0,6.0,-115.976,35.774,4.0,36.0
88,0.0,0.0,6.0,6.0,-118.961,24.049,4.0,36.0
89,0.0,0.0,6.0,6.0,-120.764,12.084,4.0,36.0
90,0.0,0.0,6.0,6.0,-121.368,0.0,4.0,36.0
91,0.0,0.0,6.0,6.0,-120.764,-12.084,4.0,36.0
92,0.0,0.0,6.0,6.0,-118.961,-24.049,4.0,36.0
93,0.0,0.0,6.0,6.0,-115.976,-35.774,4.0,36.0
94,0.0,0.0,6.0,6.0,-111.837,-47.143,4.0,36.0
95,0.0,0.0,6.0,6.0,-106.588,-58.045,4.0,36.0
96,0.0,0.0,6.0,6.0,-100.279,-68.369,4.0,36.0
97,0.0,0.0,6.0,6.0,-92.973,-78.014,4.0,36.0
98,0.0,0.0,6.0,6.0,-84.743,-86.883,4.0,36.0
99,0.0,0.0,6.0,6.0,-75.671,-94.889,4.0,36.0
100,0.0,0.0,6.0,6.0,-65.848,-101.952,4.0,36.0
101,0.0,0.0,6.0,6.0,-55.369,-108.002,4.0,36.0
102,0.0,0.0,6.0,6.0,-44.341,-112.978,4.0,36.0
103,0.0,0.0,6.0,6.0,-32.871,-116.831,4.0,36.0
104,0.0,0.0,6.0,6.0,-21.075,-119.524,4.0,36.0
105,0.0,0.0,6.0,6.0,-9.07,-121.028,4.0,36.0
106,0.0,0.0,6.0,6.0,3.026,-121.33,4.0,36.0
107,0.0,0.0,6.0,6.0,15.091,-120.426,4.0,36.0
108,0.0,0.0,6.0,6.0,27.007,-118.325,4.0,36.0
109,0.0,0.0,6.0,6.0,38.654,-115.048,4.0,36.0
110,0.0,0.0,6.0,6.0,49.917,-110.627,4.0,36.0
111,0.0,0.0,6.0,6.0,60.684,-105.107,4.0,36.0
112,0.0,0.0,6.0,6.0,70.848,-98.543,4.0,36.0
113,0.0,0.0,6.0,6.0,80.307,-90.999,4.0,36.0
114,0.0,0.0,6.0,6.0,88.969,-82.551,4.0,36.0
115,0.0,0.0,6.0,6.0,96.746,-73.282,4.0,36.0
116,0.0,0.0,6.0,6.0,103.562,-63.285,4.0,36.0
117,0.0,0.0,6.0,6.0,109.348,-52.659,4.0,36.0
118,0.0,0.0,6.0,6.0,114.048,-41.51,4.0,36.0
119,0.0,0.0,6.0,6.0,117.615,-29.948,4.0,36.0
120,0.0,0.0,6.0,6.0,120.012,-18.089,4.0,36.0
121,0.0,0.0,6.0,6.0,121.217,-6.05,4.0,36.0
122,0.0,0.0,6.0,6.0,134.294,12.263,4.0,36.0
123,0.0,0.0,6.0,6.0,132.623,24.424,4.0,36.0
124,0.0,0.0,6.0,6.0,129.852,36.383,4.0,36.0
125,0.0,0.0,6.0,6.0,126.006,48.04,4.0,36.0
126,0.0,0.0,6.0,6.0,121.115,59.299,4.0,36.0
127,0.0,0.0,6.0,6.0,115.221,70.067,4.0,36.0
128,0.0,0.0,6.0,6.0,108.372,80.255,4.0,36.0
129,0.0,0.0,6.0,6.0,100.625,89.777,4.0,36.0
130,0.0,0.0,6.0,6.0,92.044,98.555,4.0,36.0
131,0.0,0.0,6.0,6.0,82.701,106.517,4.0,36.0
132,0.0,0.0,6.0,6.0,72.672,113.596,4.0,36.0
133,0.0,0.0,6.0,6.0,62.041,119.734,4.0,36.0
134,0.0,0.0,6.0,6.0,50.896,124.879,4.0,36.0
135,0.0,0.0,6.0,6.0,39.329,128.99,4.0,36.0
136,0.0,0.0,6.0,6.0,27.437,132.032,4.0,36.0
137,0.0,0.0,6.0,6.0,15.317,133.98,4.0,36.0
138,0.0,0.0,6.0,6.0,3.07,134.818,4.0,36.0
139,0.0,0.0,6.0,6.0,-9.203,134.538,4.0,36.0
140,0.0,0.0,6.0,6.0,-21.399,133.144,4.0,36.0
141,0.0,0.0,6.0,6.0,-33.418,130.647,4.0,36.0
142,0.0,0.0,6.0,6.0,-45.159,127.067,4.0,36.0
143,0.0,0.0,6.0,6.0,-56.527,122.434,4.0,36.0
144,0.0,0.0,6.0,6.0,-67.426,116.786,4.0,36.0
145,0.0,0.0,6.0,6.0,-77.767,110.171,4.0,36.0
146,0.0,0.0,6.0,6.0,-87.463,102.643,4.0,36.0
147,0.0,0.0,6.0,6.0,-96.435,94.264,4.0,36.0
148,0.0,0.0,6.0,6.0,-104.607,85.104,4.0,36.0
149,0.0,0.0,6.0,6.0,-111.912,75.239,4.0,36.0
150,0.0,0.0,6.0,6.0,-118.291,64.751,4.0,36.0
151,0.0,0.0,6.0,6.0,-123.689,53.726,4.0,36.0
152,0.0,0.0,6.0,6.0,-128.062,42.255,4.0,36.0
153,0.0,0.0,6.0,6.0,-131.373,30.435,4.0,36.0
154,0.0,0.0,6.0,6.0,-133.597,18.362,4.0,36.0
155,0.0,0.0,6.0,6.0,-134.713,6.138,4.0,36.0
156,0.0,0.0,6.0,6.0,-134.713,-6.138,4.0,36.0
157,0.0,0.0,6.0,6.0,-133.597,-18.362,4.0,36.0
158,0.0,0.0,6.0,6.0,-131.373,-30.435,4.0,36.0
159,0.0,0.0,6.0,6.0,-128.062,-42.255,4.0,36.0
160,0.0,0.0,6.0,6.0,-123.689,-53.726,4.0,36.0
161,0.0,0.0,6.0,6.0,-118.291,-64.751,4.0,36.0
162,0.0,0.0,6.0,6.0,-111.912,-75.239,4.0,36.0
163,0.0,0.0,6.0,6.0,-104.607,-85.104,4.0,36.0
164,0.0,0.0,6.0,6.0,-96.435,-94.264,4.0,36.0
165,0.0,0.0,6.0,6.0,-87.463,-102.643,4.0,36.0
166,0.0,0.0,6.0,6.0,-77.767,-110.171,4.0,36.0
167,0.0,0.0,6.0,6.0,-67.426,-116.786,4.0,36.0
168,0.0,0.0,6.0,6.0,-56.527,-122.434,4.0,36.0
169,0.0,0.0,6.0,6.0,-45.159,-127.067,4.0,36.0
170,0.0,0.0,6.0,6.0,-33.418,-130.647,4.0,36.0
171,0.0,0.0,6.0,6.0,-21.399,-133.144,4.0,36.0
172,0.0,0.0,6.0,6.0,-9.203,-134.538,4.0,36.0
173,0.0,0.0,6.0,6.0,3.07,-134.818,4.0,36.0
174,0.0,0.0,6.0,6.0,15.317,-133.98,4.0,36.0
175,0.0,0.0,6.0,6.0,27.437,-132.032,4.0,36.0
176,0.0,0.0,6.0,6.0,39.329,-128.99,4.0,36.0
177,0.0,0.0,6.0,6.0,50.896,-124.879,4.0,36.0
178,0.0,0.0,6.0,6.0,62.041,-119.734,4.0,36.0
179,0.0,0.0,6.0,6.0,72.672,-113.596,4.0,36.0
180,0.0,0.0,6.0,6.0,82.701,-106.517,4.0,36.0
181,0.0,0.0,6.0,6.0,92.044,-98.555,4.0,36.0
182,0.0,0.0,6.0,6.0,100.625,-89.777,4.0,36.0
183,0.0,0.0,6.0,6.0,108.372,-80.255,4.0,36.0
184,0.0,0.0,6.0,6.0,115.221,-70.067,4.0,36.0
185,0.0,0.0,6.0,6.0,121.115,-59.299,4.0,36.0
186,0.0,0.0,6.0,6.0,126.006,-48.04,4.0,36.0
187,0.0,0.0,6.0,6.0,129.852,-36.383,4.0,36.0
188,0.0,0.0,6.0,6.0,132.623,-24.424,4.0,36.0
189,0.0,0.0,6.0,6.0,134.294,-12.263,4.0,36.0
190,0.0,0.0,6.0,6.0,134.853,0.0,4.0,36.0
191,0.0,0.0,6.0,6.0,148.218,5.973,4.0,36.0
192,0.0,0.0,6.0,6.0,147.257,17.88,4.0,36.0
193,0.0,0.0,6.0,6.0,145.34,29.671,4.0,36.0
194,0.0,0.0,6.0,6.0,142.481,41.27,4.0,36.0
195,0.0,0.0,6.0,6.0,138.699,52.601,4.0,36.0
196,0.0,0.0,6.0,6.0,134.016,63.591,4.0,36.0
197,0.0,0.0,6.0,6.0,128.465,74.169,4.0,36.0
198,0.0,0.0,6.0,6.0,122.08,84.266,4.0,36.0
199,0.0,0.0,6.0,6.0,114.903,93.816,4.0,36.0
200,0.0,0.0,6.0,6.0,106.982,102.757,4.0,36.0
201,0.0,0.0,6.0,6.0,98.366,111.033,4.0,36.0
202,0.0,0.0,6.0,6.0,89.113,118.588,4.0,36.0
203,0.0,0.0,6.0,6.0,79.282,125.374,4.0,36.0
204,0.0,0.0,6.0,6.0,68.936,131.347,4.0,36.0
205,0.0,0.0,6.0,6.0,58.144,136.468,4.0,36.0
206,0.0,0.0,6.0,6.0,46.974,140.704,4.0,36.0
207,0.0,0.0,6.0,6.0,35.5,144.028,4.0,36.0
208,0.0,0.0,6.0,6.0,23.795,146.417,4.0,36.0
209,0.0,0.0,6.0,6.0,11.936,147.857,4.0,36.0
210,0.0,0.0,6.0,6.0,0.0,148.338,4.0,36.0
211,0.0,0.0,6.0,6.0,-11.936,147.857,4.0,36.0
212,0.0,0.0,6.0,6.0,-23.795,146.417,4.0,36.0
213,0.0,0.0,6.0,6.0,-35.5,144.028,4.0,36.0
214,0.0,0.0,6.0,6.0,-46.974,140.704,4.0,36.0
215,0.0,0.0,6.0,6.0,-58.144,136.468,4.0,36.0
216,0.0,0.0,6.0,6.0,-68.936,131.347,4.0,36.0
217,0.0,0.0,6.0,6.0,-79.282,125.374,4.0,36.0
218,0.0,0.0,6.0,6.0,-89.113,118.588,4.0,36.0
219,0.0,0.0,6.0,6.0,-98.366,111.033,4.0,36.0
220,0.0,0.0,6.0,6.0,-106.982,102.757,4.0,36.0
221,0.0,0.0,6.0,6.0,-114.903,93.816,4.0,36.0
222,0.0,0.0,6.0,6.0,-122.08,84.266,4.0,36.0
223,0.0,0.0,6.0,6.0,-128.465,74.169,4.0,36.0
224,0.0,0.0,6.0,6.0,-134.016,63.591,4.0,36.0
225,0.0,0.0,6.0,6.0,-138.699,52.601,4.0,36.0
226,0.0,0.0,6.0,6.0,-142.481,41.27,4.0,36.0
227,0.0,0.0,6.0,6.0,-145.34,29.671,4.0,36.0
228,0.0,0.0,6.0,6.0,-147.257,17.88,4.0,36.0
229,0.0,0.0,6.0,6.0,-148.218,5.973,4.0,36.0
230,0.0,0.0,6.0,6.0,-148.218,-5.973,4.0,36.0
231,0.0,0.0,6.0,6.0,-147.257,-17.88,4.0,36.0
232,0.0,0.0,6.0,6.0,-145.34,-29.671,4.0,36.0
233,0.0,0.0,6.0,6.0,-142.481,-41.27,4.0,36.0
234,0.0,0.0,6.0,6.0,-138.699,-52.601,4.0,36.0
235,0.0,0.0,6.0,6.0,-134.016,-63.591,4.0,36.0
236,0.0,0.0,6.0,6.0,-128.465,-74.169,4.0,36.0
237,0.0,0.0,6.0,6.0,-122.08,-84.266,4.0,36.0
238,0.0,0.0,6.0,6.0,-114.903,-93.816,4.0,36.0
239,0.0,0.0,6.0,6.0,-106.982,-102.757,4.0,36.0
240,0.0,0.0,6.0,6.0,-98.366,-111.033,4.0,36.0
241,0.0,0.0,6.0,6.0,-89.113,-118.588,4.0,36.0
242,0.0,0.0,6.0,6.0,-79.282,-125.374,4.0,36.0
243,0.0,0.0,6.0,6.0,-68.936,-131.347,4.0,36.0
244,0.0,0.0,6.0,6.0,-58.144,-136.468,4.0,36.0
245,0.0,0.0,6.0,6.0,-46.974,-140.704,4.0,36.0
246,0.0,0.0,6.0,6.0,-35.5,-144.028,4.0,36.0
247,0.0,0.0,6.0,6.0,-23.795,-146.417,4.0,36.0
248,0.0,0.0,6.0,6.0,-11.936,-147.857,4.0,36.0
249,0.0,0.0,6.0,6.0,0.0,-148.338,4.0,36.0
250,0.0,0.0,6.0,6.0,11.936,-147.857,4.0,36.0
251,0.0,0.0,6.0,6.0,23.795,-146.417,4.0,36.0
252,0.0,0.0,6.0,6.0,35.5,-144.028,4.0,36.0
253,0.0,0.0,6.0,6.0,46.974,-140.704,4.0,36.0
254,0.0,0.0,6.0,6.0,58.144,-136.468,4.0,36.0
255,0.0,0.0,6.0,6.0,68.936,-131.347,4.0,36.0
256,0.0,0.0,6.0,6.0,79.282,-125.374,4.0,36.0
257,0.0,0.0,6.0,6.0,89.113,-118.588,4.0,36.0
258,0.0,0.0,6.0,6.0,98.366,-111.033,4.0,36.0
259,0.0,0.0,6.0,6.0,106.982,-102.757,4.0,36.0
260,0.0,0.0,6.0,6.0,114.903,-93.816,4.0,36.0
261,0.0,0.0,6.0,6.0,122.08,-84.266,4.0,36.0
262,0.0,0.0,6.0,6.0,128.465,-74.169,4.0,36.0
263,0.0,0.0,6.0,6.0,134.016,-63.591,4.0,36.0
264,0.0,0.0,6.0,6.0,138.699,-52.601,4.0,36.0
265,0.0,0.0,6.0,6.0,142.481,-41.27,4.0,36.0
266,0.0,0.0,6.0,6.0,145.34,-29.671,4.0,36.0
267,0.0,0.0,6.0,6.0,147.257,-17.88,4.0,36.0
268,0.0,0.0,6.0,6.0,148.218,-5.973,4.0,36.0
269,0.0,0.0,6.0,6.0,161.325,12.697,4.0,36.0
270,0.0,0.0,6.0,6.0,159.831,25.315,4.0,36.0
271,0.0,0.0,6.0,6.0,157.352,37.777,4.0,36.0
272,0.0,0.0,6.0,6.0,153.903,50.006,4.0,36.0
273,0.0,0.0,6.0,6.0,149.505,61.927,4.0,36.0
274,0.0,0.0,6.0,6.0,144.186,73.466,4.0,36.0
275,0.0,0.0,6.0,6.0,137.977,84.552,4.0,36.0
276,0.0,0.0,6.0,6.0,130.918,95.117,4.0,36.0
277,0.0,0.0,6.0,6.0,123.051,105.096,4.0,36.0
278,0.0,0.0,6.0,6.0,114.426,114.426,4.0,36.0
279,0.0,0.0,6.0,6.0,105.096,123.051,4.0,36.0
280,0.0,0.0,6.0,6.0,95.117,130.918,4.0,36.0
281,0.0,0.0,6.0,6.0,84.552,137.977,4.0,36.0
282,0.0,0.0,6.0,6.0,73.466,144.186,4.0,36.0
283,0.0,0.0,6.0,6.0,61.927,149.505,4.0,36.0
284,0.0,0.0,6.0,6.0,50.006,153.903,4.0,36.0
285,0.0,0.0,6.0,6.0,37.777,157.352,4.0,36.0
286,0.0,0.0,6.0,6.0,25.315,159.831,4.0,36.0
287,0.0,0.0,6.0,6.0,12.697,161.325,4.0,36.0
288,0.0,0.0,6.0,6.0,0.0,161.823,4.0,36.0
289,0.0,0.0,6.0,6.0,-12.697,161.325,4.0,36.0
290,0.0,0.0,6.0,6.0,-25.315,159.831,4.0,36.0
291,0.0,0.0,6.0,6.0,-37.777,157.352,4.0,36.0
292,0.0,0.0,6.0,6.0,-50.006,153.903,4.0,36.0
293,0.0,0.0,6.0,6.0,-61.927,149.505,4.0,36.0
294,0.0,0.0,6.0,6.0,-73.466,144.186,4.0,36.0
295,0.0,0.0,6.0,6.0,-84.552,137.977,4.0,36.0
296,0.0,0.0,6.0,6.0,-95.117,130.918,4.0,36.0
297,0.0,0.0,6.0,6.0,-105.096,123.051,4.0,36.0
298,0.0,0.0,6.0,6.0,-114.426,114.426,4.0,36.0
299,0.0,0.0,6.0,6.0,-123.051,105.096,4.0,36.0
300,0.0,0.0,6.0,6.0,-130.918,95.117,4.0,36.0
301,0.0,0.0,6.0,6.0,-137.977,84.552,4.0,36.0
302,0.0,0.0,6.0,6.0,-144.186,73.466,4.0,36.0
303,0.0,0.0,6.0,6.0,-149.505,61.927,4.0,36.0
304,0.0,0.0,6.0,6.0,-153.903,50.006,4.0,36.0
305,0.0,0.0,6.0,6.0,-157.352,37.777,4.0,36.0
306,0.0,0.0,6.0,6.0,-159.831,25.315,4.0,36.0
307,0.0,0.0,6.0,6.0,-161.325,12.697,4.0,36.0
308,0.0,0.0,6.0,6.0,-161.823,0.0,4.0,36.0
309,0.0,0.0,6.0,6.0,-161.325,-12.697,4.0,36.0
310,0.0,0.0,6.0,6.0,-159.831,-25.315,4.0,36.0
311,0.0,0.0,6.0,6.0,-157.352,-37.777,4.0,36.0
312,0.0,0.0,6.0,6.0,-153.903,-50.006,4.0,36.0
313,0.0,0.0,6.0,6.0,-149.505,-61.927,4.0,36.0
314,0.0,0.0,6.0,6.0,-144.186,-73.466,4.0,36.0
315,0.0,0.0,6.0,6.0,-137.977,-84.552,4.0,36.0
316,0.0,0.0,6.0,6.0,-130.918,-95.117,4.0,36.0
317,0.0,0.0,6.0,6.0,-123.051,-105.096,4.0,36.0
318,0.0,0.0,6.0,6.0,-114.426,-114.426,4.0,36.0
319,0.0,0.0,6.0,6.0,-105.096,-123.051,4.0,36.0
320,0.0,0.0,6.0,6.0,-95.117,-130.918,4.0,36.0
321,0.0,0.0,6.0,6.0,-84.552,-137.977,4.0,36.0
322,0.0,0.0,6.0,6.0,-73.466,-144.186,4.0,36.0
323,0.0,0.0,6.0,6.0,-61.927,-149.505,4.0,36.0
324,0.0,0.0,6.0,6.0,-50.006,-153.903,4.0,36.0
325,0.0,0.0,6.0,6.0,-37.777,-157.352,4.0,36.0
326,0.0,0.0,6.0,6.0,-25.315,-159.831,4.0,36.0
327,0.0,0.0,6.0,6.0,-12.697,-161.325,4.0,36.0
328,0.0,0.0,6.0,6.0,0.0,-161.823,4.0,36.0
329,0.0,0.0,6.0,6.0,12.697,-161.325,4.0,36.0
330,0.0,0.0,6.0,6.0,25.315,-159.831,4.0,36.0
331,0.0,0.0,6.0,6.0,37.777,-157.352,4.0,36.0
332,0.0,0.0,6.0,6.0,50.006,-153.903,4.0,36.0
333,0.0,0.0,6.0,6.0,61.927,-149.505,4.0,36.0
334,0.0,0.0,6.0,6.0,73.466,-144.186,4.0,36.0
335,0.0,0.0,6.0,6.0,84.552,-137.977,4.0,36.0
336,0.0,0.0,6.0,6.0,95.117,-130.918,4.0,36.0
337,0.0,0.0,6.0,6.0,105.096,-123.051,4.0,36.0
338,0.0,0.0,6.0,6.0,114.426,-114.426,4.0,36.0
339,0.0,0.0,6.0,6.0,123.051,-105.096,4.0,36.0
340,0.0,0.0,6.0,6.0,130.918,-95.117,4.0,36.0
341,0.0,0.0,6.0,6.0,137.977,-84.552,4.0,36.0
342,0.0,0.0,6.0,6.0,144.186,-73.466,4.0,36.0
343,0.0,0.0,6.0,6.0,149.505,-61.927,4.0,36.0
344,0.0,0.0,6.0,6.0,153.903,-50.006,4.0,36.0
345,0.0,0.0,6.0,6.0,157.352,-37.777,4.0,36.0
346,0.0,0.0,6.0,6.0,159.831,-25.315,4.0,36.0
347,0.0,0.0,6.0,6.0,161.325,-12.697,4.0,36.0
348,0.0,0.0,6.0,6.0,161.823,0.0,4.0,36.0
349,0.0,0.0,6.0,6.0,175.186,6.555,4.0,36.0
350,0.0,0.0,6.0,6.0,174.206,19.628,4.0,36.0
351,0.0,0.0,6.0,6.0,172.252,32.592,4.0,36.0
352,0.0,0.0,6.0,6.0,169.335,45.373,4.0,36.0
353,0.0,0.0,6.0,6.0,165.471,57.901,4.0,36.0
354,0.0,0.0,6.0,6.0,160.681,70.105,4.0,36.0
355,0.0,0.0,6.0,6.0,154.993,81.916,4.0,36.0
356,0.0,0.0,6.0,6.0,148.438,93.27,4.0,36.0
357,0.0,0.0,6.0,6.0,141.053,104.102,4.0,36.0
358,0.0,0.0,6.0,6.0,132.879,114.352,4.0,36.0
359,0.0,0.0,6.0,6.0,123.962,123.962,4.0,36.0
360,0.0,0.0,6.0,6.0,114.352,132.879,4.0,36.0
361,0.0,0.0,6.0,6.0,104.102,141.053,4.0,36.0
362,0.0,0.0,6.0,6.0,93.27,148.438,4.0,36.0
363,0.0,0.0,6.0,6.0,81.916,154.993,4.0,36.0
364,0.0,0.0,6.0,6.0,70.105,160.681,4.0,36.0
365,0.0,0.0,6.0,6.0,57.901,165.471,4.0,36.0
366,0.0,0.0,6.0,6.0,45.373,169.335,4.0,36.0
367,0.0,0.0,6.0,6.0,32.592,172.252,4.0,36.0
368,0.0,0.0,6.0,6.0,19.628,174.206,4.0,36.0
369,0.0,0.0,6.0,6.0,6.555,175.186,4.0,36.0
370,0.0,0.0,6.0,6.0,-6.555,175.186,4.0,36.0
371,0.0,0.0,6.0,6.0,-19.628,174.206,4.0,36.0
372,0.0,0.0,6.0,6.0,-32.592,172.252,4.0,36.0
373,0.0,0.0,6.0,6.0,-45.373,169.335,4.0,36.0
374,0.0,0.0,6.0,6.0,-57.901,165.471,4.0,36.0
375,0.0,0.0,6.0,6.0,-70.105,160.681,4.0,36.0
376,0.0,0.0,6.0,6.0,-81.916,154.993,4.0,36.0
377,0.0,0.0,6.0,6.0,-93.27,148.438,4.0,36.0
378,0.0,0.0,6.0,6.0,-104.102,141.053,4.0,36.0
379,0.0,0.0,6.0,6.0,-114.352,132.879,4.0,36.0
380,0.0,0.0,6.0,6.0,-123.962,123.962,4.0,36.0
381,0.0,0.0,6.0,6.0,-132.879,114.352,4.0,36.0
382,0.0,0.0,6.0,6.0,-141.053,104.102,4.0,36.0
383,0.0,0.0,6.0,6.0,-148.438,93.27,4.0,36.0
384,0.0,0.0,6.0,6.0,-154.993,81.916,4.0,36.0
385,0.0,0.0,6.0,6.0,-160.681,70.105,4.0,36.0
386,0.0,0.0,6.0,6.0,-165.471,57.901,4.0,36.0
387,0.0,0.0,6.0,6.0,-169.335,45.373,4.0,36.0
388,0.0,0.0,6.0,6.0,-172.252,32.592,4.0,36.0
389,0.0,0.0,6.0,6.0,-174.206,19.628,4.0,36.0
390,0.0,0.0,6.0,6.0,-175.186,6.555,4.0,36.0
391,0.0,0.0,6.0,6.0,-175.186,-6.555,4.0,36.0
392,0.0,0.0,6.0,6.0,-174.206,-19.628,4.0,36.0
393,0.0,0.0,6.0,6.0,-172.252,-32.592,4.0,36.0
394,0.0,0.0,6.0,6.0,-169.335,-45.373,4.0,36.0
395,0.0,0.0,6.0,6.0,-165.471,-57.901,4.0,36.0
396,0.0,0.0,6.0,6.0,-160.681,-70.105,4.0,36.0
397,0.0,0.0,6.0,6.0,-154.993,-81.916,4.0,36.0
398,0.0,0.0,6.0,6.0,-148.438,-93.27,4.0,36.0
399,0.0,0.0,6.0,6.0,-141.053,-104.102,4.0,36.0
400,0.0,0.0,6.0,6.0,-132.879,-114.352,4.0,36.0
401,0.0,0.0,6.0,6.0,-123.962,-123.962,4.0,36.0
402,0.0,0.0,6.0,6.0,-114.352,-132.879,4.0,36.0
403,0.0,0.0,6.0,6.0,-104.102,-141.053,4.0,36.0
404,0.0,0.0,6.0,6.0,-93.27,-148.438,4.0,36.0
405,0.0,0.0,6.0,6.0,-81.916,-154.993,4.0,36.0
406,0.0,0.0,6.0,6.0,-70.105,-160.681,4.0,36.0
407,0.0,0.0,6.0,6.0,-57.901,-165.471,4.0,36.0
408,0.0,0.0,6.0,6.0,-45.373,-169.335,4.0,36.0
409,0.0,0.0,6.0,6.0,-32.592,-172.252,4.0,36.0
410,0.0,0.0,6.0,6.0,-19.628,-174.206,4.0,36.0
411,0.0,0.0,6.0,6.0,-6.555,-175.186,4.0,36.0
412,0.0,0.0,6.0,6.0,6.555,-175.186,4.0,36.0
413,0.0,0.0,6.0,6.0,19.628,-174.206,4.0,36.0
414,0.0,0.0,6.0,6.0,32.592,-172.252,4.0,36.0
415,0.0,0.0,6.0,6.0,45.373,-169.335,4.0,36.0
416,0.0,0.0,6.0,6.0,57.901,-165.471,4.0,36.0
417,0.0,0.0,6.0,6.0,70.105,-160.681,4.0,36.0
418,0.0,0.0,6.0,6.0,81.916,-154.993,4.0,36.0
419,0.0,0.0,6.0,6.0,93.27,-148.438,4.0,36.0
420,0.0,0.0,6.0,6.0,104.102,-141.053,4.0,36.0
421,0.0,0.0,6.0,6.0,114.352,-132.879,4.0,36.0
422,0.0,0.0,6.0,6.0,123.962,-123.962,4.0,36.0
423,0.0,0.0,6.0,6.0,132.879,-114.352,4.0,36.0
424,0.0,0.0,6.0,6.0,141.053,-104.102,4.0,36.0
425,0.0,0.0,6.0,6.0,148.438,-93.27,4.0,36.0
426,0.0,0.0,6.0,6.0,154.993,-81.916,4.0,36.0
427,0.0,0.0,6.0,6.0,160.681,-70.105,4.0,36.0
428,0.0,0.0,6.0,6.0,165.471,-57.901,4.0,36.0
429,0.0,0.0,6.0,6.0,169.335,-45.373,4.0,36.0
430,0.0,0.0,6.0,6.0,172.252,-32.592,4.0,36.0
431,0.0,0.0,6.0,6.0,174.206,-19.628,4.0,36.0
432,0.0,0.0,6.0,6.0,175.186,-6.555,4.0,36.0
433,0.0,0.0,6.0,6.0,188.39,12.348,4.0,36.0
434,0.0,0.0,6.0,6.0,187.179,24.643,4.0,36.0
435,0.0,0.0,6.0,6.0,185.166,36.832,4.0,36.0
436,0.0,0.0,6.0,6.0,182.361,48.863,4.0,36.0
437,0.0,0.0,6.0,6.0,178.775,60.686,4.0,36.0
438,0.0,0.0,6.0,6.0,174.423,72.248,4.0,36.0
439,0.0,0.0,6.0,6.0,169.324,83.501,4.0,36.0
440,0.0,0.0,6.0,6.0,163.5,94.397,4.0,36.0
441,0.0,0.0,6.0,6.0,156.976,104.888,4.0,36.0
442,0.0,0.0,6.0,6.0,149.78,114.93,4.0,36.0
443,0.0,0.0,6.0,6.0,141.943,124.48,4.0,36.0
444,0.0,0.0,6.0,6.0,133.497,133.497,4.0,36.0
445,0.0,0.0,6.0,6.0,124.48,141.943,4.0,36.0
446,0.0,0.0,6.0,6.0,114.93,149.78,4.0,36.0
447,0.0,0.0,6.0,6.0,104.888,156.976,4.0,36.0
448,0.0,0.0,6.0,6.0,94.397,163.5,4.0,36.0
449,0.0,0.0,6.0,6.0,83.501,169.324,4.0,36.0
450,0.0,0.0,6.0,6.0,72.248,174.423,4.0,36.0
451,0.0,0.0,6.0,6.0,60.686,178.775,4.0,36.0
452,0.0,0.0,6.0,6.0,48.863,182.361,4.0,36.0
453,0.0,0.0,6.0,6.0,36.832,185.166,4.0,36.0
454,0.0,0.0,6.0,6.0,24.643,187.179,4.0,36.0
455,0.0,0.0,6.0,6.0,12.348,188.39,4.0,36.0
456,0.0,0.0,6.0,6.0,0.0,188.794,4.0,36.0
457,0.0,0.0,6.0,6.0,-12.348,188.39,4.0,36.0
458,0.0,0.0,6.0,6.0,-24.643,187.179,4.0,36.0
459,0.0,0.0,6.0,6.0,-36.832,185.166,4.0,36.0
460,0.0,0.0,6.0,6.0,-48.863,182.361,4.0,36.0
461,0.0,0.0,6.0,6.0,-60.686,178.775,4.0,36.0
462,0.0,0.0,6.0,6.0,-72.248,174.423,4.0,36.0
463,0.0,0.0,6.0,6.0,-83.501,169.324,4.0,36.0
464,0.0,0.0,6.0,6.0,-94.397,163.5,4.0,36.0
465,0.0,0.0,6.0,6.0,-104.888,156.976,4.0,36.0
466,0.0,0.0,6.0,6.0,-114.93,149.78,4.0,36.0
467,0.0,0.0,6.0,6.0,-124.48,141.943,4.0,36.0
468,0.0,0.0,6.0,6.0,-133.497,133.497,4.0,36.0
469,0.0,0.0,6.0,6.0,-141.943,124.48,4.0,36.0
470,0.0,0.0,6.0,6.0,-149.78,114.93,4.0,36.0
471,0.0,0.0,6.0,6.0,-156.976,104.888,4.0,36.0
472,0.0,0.0,6.0,6.0,-163.5,94.397,4.0,36.0
473,0.0,0.0,6.0,6.0,-169.324,83.501,4.0,36.0
474,0.0,0.0,6.0,6.0,-174.423,72.248,4.0,36.0
475,0.0,0.0,6.0,6.0,-178.775,60.686,4.0,36.0
476,0.0,0.0,6.0,6.0,-182.361,48.863,4.0,36.0
477,0.0,0.0,6.0,6.0,-185.166,36.832,4.0,36.0
478,0.0,0.0,6.0,6.0,-187.179,24.643,4.0,36.0
479,0.0,0.0,6.0,6.0,-188.39,12.348,4.0,36.0
480,0.0,0.0,6.0,6.0,-188.794,0.0,4.0,36.0
481,0.0,0.0,6.0,6.0,-188.39,-12.348,4.0,36.0
482,0.0,0.0,6.0,6.0,-187.179,-24.643,4.0,36.0
483,0.0,0.0,6.0,6.0,-185.166,-36.832,4.0,36.0
484,0.0,0.0,6.0,6.0,-182.361,-48.863,4.0,36.0
485,0.0,0.0,6.0,6.0,-178.775,-60.686,4.0,36.0
486,0.0,0.0,6.0,6.0,-174.423,-72.248,4.0,36.0
487,0.0,0.0,6.0,6.0,-169.324,-83.501,4.0,36.0
488,0.0,0.0,6.0,6.0,-163.5,-94.397,4.0,36.0
489,0.0,0.0,6.0,6.0,-156.976,-104.888,4.0,36.0
490,0.0,0.0,6.0,6.0,-149.78,-114.93,4.0,36.0
491,0.0,0.0,6.0,6.0,-141.943,-124.48,4.0,36.0
492,0.0,0.0,6.0,6.0,-133.497,-133.497,4.0,36.0
493,0.0,0.0,6.0,6.0,-124.48,-141.943,4.0,36.0
494,0.0,0.0,6.0,6.0,-114.93,-149.78,4.0,36.0
495,0.0,0.0,6.0,6.0,-104.888,-156.976,4.0,36.0
496,0.0,0.0,6.0,6.0,-94.397,-163.5,4.0,36.0
497,0.0,0.0,6.0,6.0,-83.501,-169.324,4.0,36.0
498,0.0,0.0,6.0,6.0,-72.248,-174.423,4.0,36.0
499,0.0,0.0,6.0,6.0,-60.686,-178.775,4.0,36.0
500,0.0,0.0,6.0,6.0,-48.863,-182.361,4.0,36.0
501,0.0,0.0,6.0,6.0,-36.832,-185.166,4.0,36.0
502,0.0,0.0,6.0,6.0,-24.643,-187.179,4.0,36.0
503,0.0,0.0,6.0,6.0,-12.348,-188.39,4.0,36.0
504,0.0,0.0,6.0,6.0,0.0,-188.794,4.0,36.0
505,0.0,0.0,6.0,6.0,12.348,-188.39,4.0,36.0
506,0.0,0.0,6.0,6.0,24.643,-187.179,4.0,36.0
507,0.0,0.0,6.0,6.0,36.832,-185.166,4.0,36.0
508,0.0,0.0,6.0,6.0,48.863,-182.361,4.0,36.0
509,0.0,0.0,6.0,6.0,60.686,-178.775,4.0,36.0
510,0.0,0.0,6.0,6.0,72.248,-174.423,4.0,36.0
511,0.0,0.0,6.0,6.0,83.501,-169.324,4.0,36.0
512,0.0,0.0,6.0,6.0,94.397,-163.5,4.0,36.0
513,0.0,0.0,6.0,6.0,104.888,-156.976,4.0,36.0
514,0.0,0.0,6.0,6.0,114.93,-149.78,4.0,36.0
515,0.0,0.0,6.0,6.0,124.48,-141.943,4.0,36.0
516,0.0,0.0,6.0,6.0,133.497,-133.497,4.0,36.0
517,0.0,0.0,6.0,6.0,141.943,-124.48,4.0,36.0
518,0.0,0.0,6.0,6.0,149.78,-114.93,4.0,36.0
519,0.0,0.0,6.0,6.0,156.976,-104.888,4.0,36.0
520,0.0,0.0,6.0,6.0,163.5,-94.397,4.0,36.0
521,0.0,0.0,6.0,6.0,169.324,-83.501,4.0,36.0
522,0.0,0.0,6.0,6.0,174.423,-72.248,4.0,36.0
523,0.0,0.0,6.0,6.0,178.775,-60.686,4.0,36.0
524,0.0,0.0,6.0,6.0,182.361,-48.863,4.0,36.0
525,0.0,0.0,6.0,6.0,185.166,-36.832,4.0,36.0
526,0.0,0.0,6.0,6.0,187.179,-24.643,4.0,36.0
527,0.0,0.0,6.0,6.0,188.39,-12.348,4.0,36.0
528,0.0,0.0,6.0,6.0,188.794,0.0,4.0,36.0
529,0.0,0.0,6.0,6.0,202.179,6.354,4.0,36.0
530,0.0,0.0,6.0,6.0,201.381,19.036,4.0,36.0
531,0.0,0.0,6.0,6.0,199.789,31.643,4.0,36.0
532,0.0,0.0,6.0,6.0,197.408,44.126,4.0,36.0
533,0.0,0.0,6.0,6.0,194.247,56.434,4.0,36.0
534,0.0,0.0,6.0,6.0,190.321,68.52,4.0,36.0
535,0.0,0.0,6.0,6.0,185.643,80.335,4.0,36.0
536,0.0,0.0,6.0,6.0,180.232,91.833,4.0,36.0
537,0.0,0.0,6.0,6.0,174.11,102.969,4.0,36.0
538,0.0,0.0,6.0,6.0,167.301,113.698,4.0,36.0
539,0.0,0.0,6.0,6.0,159.832,123.978,4.0,36.0
540,0.0,0.0,6.0,6.0,151.732,133.77,4.0,36.0
541,0.0,0.0,6.0,6.0,143.033,143.033,4.0,36.0
542,0.0,0.0,6.0,6.0,133.77,151.732,4.0,36.0
543,0.0,0.0,6.0,6.0,123.978,159.832,4.0,36.0
544,0.0,0.0,6.0,6.0,113.698,167.301,4.0,36.0
545,0.0,0.0,6.0,6.0,102.969,174.11,4.0,36.0
546,0.0,0.0,6.0,6.0,91.833,180.232,4.0,36.0
547,0.0,0.0,6.0,6.0,80.335,185.643,4.0,36.0
548,0.0,0.0,6.0,6.0,68.52,190.321,4.0,36.0
549,0.0,0.0,6.0,6.0,56.434,194.247,4.0,36.0
550,0.0,0.0,6.0,6.0,44.126,197.408,4.0,36.0
551,0.0,0.0,6.0,6.0,31.643,199.789,4.0,36.0
552,0.0,0.0,6.0,6.0,19.036,201.381,4.0,36.0
553,0.0,0.0,6.0,6.0,6.354,202.179,4.0,36.0
554,0.0,0.0,6.0,6.0,-6.354,202.179,4.0,36.0
555,0.0,0.0,6.0,6.0,-19.036,201.381,4.0,36.0
556,0.0,0.0,6.0,6.0,-31.643,199.789,4.0,36.0
557,0.0,0.0,6.0,6.0,-44.126,197.408,4.0,36.0
558,0.0,0.0,6.0,6.0,-56.434,194.247,4.0,36.0
559,0.0,0.0,6.0,6.0,-68.52,190.321,4.0,36.0
560,0.0,0.0,6.0,6.0,-80.335,185.643,4.0,36.0
561,0.0,0.0,6.0,6.0,-91.833,180.232,4.0,36.0
562,0.0,0.0,6.0,6.0,-102.969,174.11,4.0,36.0
563,0.0,0.0,6.0,6.0,-113.698,167.301,4.0,36.0
564,0.0,0.0,6.0,6.0,-123.978,159.832,4.0,36.0
565,0.0,0.0,6.0,6.0,-133.77,151.732,4.0,36.0
566,0.0,0.0,6.0,6.0,-143.033,143.033,4.0,36.0
567,0.0,0.0,6.0,6.0,-151.732,133.77,4.0,36.0
568,0.0,0.0,6.0,6.0,-159.832,123.978,4.0,36.0
569,0.0,0.0,6.0,6.0,-167.301,113.698,4.0,36.0
570,0.0,0.0,6.0,6.0,-174.11,102.969,4.0,36.0
571,0.0,0.0,6.0,6.0,-180.232,91.833,4.0,36.0
572,0.0,0.0,6.0,6.0,-185.643,80.335,4.0,36.0
573,0.0,0.0,6.0,6.0,-190.321,68.52,4.0,36.0
574,0.0,0.0,6.0,6.0,-194.247,56.434,4.0,36.0
575,0.0,0.0,6.0,6.0,-197.408,44.126,4.0,36.0
576,0.0,0.0,6.0,6.0,-199.789,31.643,4.0,36.0
577,0.0,0.0,6.0,6.0,-201.381,19.036,4.0,36.0
578,0.0,0.0,6.0,6.0,-202.179,6.354,4.0,36.0
579,0.0,0.0,6.0,6.0,-202.179,-6.354,4.0,36.0
580,0.0,0.0,6.0,6.0,-201.381,-19.036,4.0,36.0
581,0.0,0.0,6.0,6.0,-199.789,-31.643,4.0,36.0
582,0.0,0.0,6.0,6.0,-197.408,-44.126,4.0,36.0
583,0.0,0.0,6.0,6.0,-194.247,-56.434,4.0,36.0
584,0.0,0.0,6.0,6.0,-190.321,-68.52,4.0,36.0
585,0.0,0.0,6.0,6.0,-185.643,-80.335,4.0,36.0
586,0.0,0.0,6.0,6.0,-180.232,-91.833,4.0,36.0
587,0.0,0.0,6.0,6.0,-174.11,-102.969,4.0,36.0
588,0.0,0.0,6.0,6.0,-167.301,-113.698,4.0,36.0
589,0.0,0.0,6.0,6.0,-159.832,-123.978,4.0,36.0
590,0.0,0.0,6.0,6.0,-151.732,-133.77,4.0,36.0
591,0.0,0.0,6.0,6.0,-143.033,-143.033,4.0,36.0
592,0.0,0.0,6.0,6.0,-133.77,-151.732,4.0,36.0
593,0.0,0.0,6.0,6.0,-123.978,-159.832,4.0,36.0
594,0.0,0.0,6.0,6.0,-113.698,-167.301,4.0,36.0
595,0.0,0.0,6.0,6.0,-102.969,-174.11,4.0,36.0
596,0.0,0.0,6.0,6.0,-91.833,-180.232,4.0,36.0
597,0.0,0.0,6.0,6.0,-80.335,-185.643,4.0,36.0
598,0.0,0.0,6.0,6.0,-68.52,-190.321,4.0,36.0
599,0.0,0.0,6.0,6.0,-56.434,-194.247,4.0,36.0
600,0.0,0.0,6.0,6.0,-44.126,-197.408,4.0,36.0
601,0.0,0.0,6.0,6.0,-31.643,-199.789,4.0,36.0
602,0.0,0.0,6.0,6.0,-19.036,-201.381,4.0,36.0
603,0.0,0.0,6.0,6.0,-6.354,-202.179,4.0,36.0
604,0.0,0.0,6.0,6.0,6.354,-202.179,4.0,36.0
605,0.0,0.0,6.0,6.0,19.036,-201.381,4.0,36.0
606,0.0,0.0,6.0,6.0,31.643,-199.789,4.0,36.0
607,0.0,0.0,6.0,6.0,44.126,-197.408,4.0,36.0
608,0.0,0.0,6.0,6.0,56.434,-194.247,4.0,36.0
609,0.0,0.0,6.0,6.0,68.52,-190.321,4.0,36.0
610,0.0,0.0,6.0,6.0,80.335,-185.643,4.0,36.0
611,0.0,0.0,6.0,6.0,91.833,-180.232,4.0,36.0
612,0.0,0.0,6.0,6.0,102.969,-174.11,4.0,36.0
613,0.0,0.0,6.0,6.0,113.698,-167.301,4.0,36.0
614,0.0,0.0,6.0,6.0,123.978,-159.832,4.0,36.0
615,0.0,0.0,6.0,6.0,133.77,-151.732,4.0,36.0
616,0.0,0.0,6.0,6.0,143.033,-143.033,4.0,36.0
617,0.0,0.0,6.0,6.0,151.732,-133.77,4.0,36.0
618,0.0,0.0,6.0,6.0,159.832,-123.978,4.0,36.0
619,0.0,0.0,6.0,6.0,167.301,-113.698,4.0,36.0
620,0.0,0.0,6.0,6.0,174.11,-102.969,4.0,36.0
621,0.0,0.0,6.0,6.0,180.232,-91.833,4.0,36.0
622,0.0,0.0,6.0,6.0,185.643,-80.335,4.0,36.0
623,0.0,0.0,6.0,6.0,190.321,-68.52,4.0,36.0
624,0.0,0.0,6.0,6.0,194.247,-56.434,4.0,36.0
625,0.0,0.0,6.0,6.0,197.408,-44.126,4.0,36.0
626,0.0,0.0,6.0,6.0,199.789,-31.643,4.0,36.0
627,0.0,0.0,6.0,6.0,201.381,-19.036,4.0,36.0
628,0.0,0.0,6.0,6.0,202.179,-6.354,4.0,36.0
629,0.0,0.0,6.0,6.0,215.363,13.154,4.0,36.0
630,0.0,0.0,6.0,6.0,214.161,26.259,4.0,36.0
631,0.0,0.0,6.0,6.0,212.161,39.266,4.0,36.0
632,0.0,0.0,6.0,6.0,209.373,52.127,4.0,36.0
633,0.0,0.0,6.0,6.0,205.806,64.794,4.0,36.0
634,0.0,0.0,6.0,6.0,201.473,77.221,4.0,36.0
635,0.0,0.0,6.0,6.0,196.39,89.36,4.0,36.0
636,0.0,0.0,6.0,6.0,190.577,101.166,4.0,36.0
637,0.0,0.0,6.0,6.0,184.055,112.596,4.0,36.0
638,0.0,0.0,6.0,6.0,176.849,123.608,4.0,36.0
639,0.0,0.0,6.0,6.0,168.984,134.159,4.0,36.0
640,0.0,0.0,6.0,6.0,160.491,144.212,4.0,36.0
641,0.0,0.0,6.0,6.0,151.401,153.727,4.0,36.0
642,0.0,0.0,6.0,6.0,141.747,162.672,4.0,36.0
643,0.0,0.0,6.0,6.0,131.567,171.01,4.0,36.0
644,0.0,0.0,6.0,6.0,120.896,178.713,4.0,36.0
645,0.0,0.0,6.0,6.0,109.776,185.751,4.0,36.0
646,0.0,0.0,6.0,6.0,98.248,192.098,4.0,36.0
647,0.0,0.0,6.0,6.0,86.354,197.73,4.0,36.0
648,0.0,0.0,6.0,6.0,74.139,202.627,4.0,36.0
649,0.0,0.0,6.0,6.0,61.648,206.77,4.0,36.0
650,0.0,0.0,6.0,6.0,48.928,210.144,4.0,36.0
651,0.0,0.0,6.0,6.0,36.026,212.736,4.0,36.0
652,0.0,0.0,6.0,6.0,22.99,214.536,4.0,36.0
653,0.0,0.0,6.0,6.0,9.868,215.539,4.0,36.0
654,0.0,0.0,6.0,6.0,-3.29,215.739,4.0,36.0
655,0.0,0.0,6.0,6.0,-16.437,215.138,4.0,36.0
656,0.0,0.0,6.0,6.0,-29.522,213.735,4.0,36.0
657,0.0,0.0,6.0,6.0,-42.497,211.538,4.0,36.0
658,0.0,0.0,6.0,6.0,-55.314,208.554,4.0,36.0
659,0.0,0.0,6.0,6.0,-67.925,204.794,4.0,36.0
660,0.0,0.0,6.0,6.0,-80.284,200.272,4.0,36.0
661,0.0,0.0,6.0,6.0,-92.344,195.005,4.0,36.0
662,0.0,0.0,6.0,6.0,-104.061,189.012,4.0,36.0
663,0.0,0.0,6.0,6.0,-115.39,182.317,4.0,36.0
664,0.0,0.0,6.0,6.0,-126.29,174.943,4.0,36.0
665,0.0,0.0,6.0,6.0,-136.721,166.919,4.0,36.0
666,0.0,0.0,6.0,6.0,-146.642,158.273,4.0,36.0
667,0.0,0.0,6.0,6.0,-156.018,149.039,4.0,36.0
668,0.0,0.0,6.0,6.0,-164.814,139.25,4.0,36.0
669,0.0,0.0,6.0,6.0,-172.997,128.943,4.0,36.0
670,0.0,0.0,6.0,6.0,-180.536,118.157,4.0,36.0
671,0.0,0.0,6.0,6.0,-187.404,106.931,4.0,36.0
672,0.0,0.0,6.0,6.0,-193.574,95.307,4.0,36.0
673,0.0,0.0,6.0,6.0,-199.024,83.329,4.0,36.0
674,0.0,0.0,6.0,6.0,-203.734,71.041,4.0,36.0
675,0.0,0.0,6.0,6.0,-207.686,58.488,4.0,36.0
676,0.0,0.0,6.0,6.0,-210.865,45.718,4.0,36.0
677,0.0,0.0,6.0,6.0,-213.26,32.778,4.0,36.0
678,0.0,0.0,6.0,6.0,-214.862,19.715,4.0,36.0
679,0.0,0.0,6.0,6.0,-215.664,6.58,4.0,36.0
680,0.0,0.0,6.0,6.0,-215.664,-6.58,4.0,36.0
681,0.0,0.0,6.0,6.0,-214.862,-19.715,4.0,36.0
682,0.0,0.0,6.0,6.0,-213.26,-32.778,4.0,36.0
683,0.0,0.0,6.0,6.0,-210.865,-45.718,4.0,36.0
684,0.0,0.0,6.0,6.0,-207.686,-58.488,4.0,36.0
685,0.0,0.0,6.0,6.0,-203.734,-71.041,4.0,36.0
686,0.0,0.0,6.0,6.0,-199.024,-83.329,4.0,36.0
687,0.0,0.0,6.0,6.0,-193.574,-95.307,4.0,36.0
688,0.0,0.0,6.0,6.0,-187.404,-106.931,4.0,36.0
689,0.0,0.0,6.0,6.0,-180.536,-118.157,4.0,36.0
690,0.0,0.0,6.0,6.0,-172.997,-128.943,4.0,36.0
691,0.0,0.0,6.0,6.0,-164.814,-139.25,4.0,36.0
692,0.0,0.0,6.0,6.0,-156.018,-149.039,4.0,36.0
693,0.0,0.0,6.0,6.0,-146.642,-158.273,4.0,36.0
694,0.0,0.0,6.0,6.0,-136.721,-166.919,4.0,36.0
695,0.0,0.0,6.0,6.0,-126.29,-174.943,4.0,36.0
696,0.0,0.0,6.0,6.0,-115.39,-182.317,4.0,36.0
697,0.0,0.0,6.0,6.0,-104.061,-189.012,4.0,36.0
698,0.0,0.0,6.0,6.0,-92.344,-195.005,4.0,36.0
699,0.0,0.0,6.0,6.0,-80.284,-200.272,4.0,36.0
700,0.0,0.0,6.0,6.0,-67.925,-204.794,4.0,36.0
701,0.0,0.0,6.0,6.0,-55.314,-208.554,4.0,36.0
702,0.0,0.0,6.0,6.0,-42.497,-211.538,4.0,36.0
703,0.0,0.0,6.0,6.0,-29.522,-213.735,4.0,36.0
704,0.0,0.0,6.0,6.0,-16.437,-215.138,4.0,36.0
705,0.0,0.0,6.0,6.0,-3.29,-215.739,4.0,36.0
706,0.0,0.0,6.0,6.0,9.868,-215.539,4.0,36.0
707,0.0,0.0,6.0,6.0,22.99,-214.536,4.0,36.0
708,0.0,0.0,6.0,6.0,36.026,-212.736,4.0,36.0
709,0.0,0.0,6.0,6.0,48.928,-210.144,4.0,36.0
710,0.0,0.0,6.0,6.0,61.648,-206.77,4.0,36.0
711,0.0,0.0,6.0,6.0,74.139,-202.627,4.0,36.0
712,0.0,0.0,6.0,6.0,86.354,-197.73,4.0,36.0
713,0.0,0.0,6.0,6.0,98.248,-192.098,4.0,36.0
714,0.0,0.0,6.0,6.0,109.776,-185.751,4.0,36.0
715,0.0,0.0,6.0,6.0,120.896,-178.713,4.0,36.0
716,0.0,0.0,6.0,6.0,131.567,-171.01,4.0,36.0
717,0.0,0.0,6.0,6.0,141.747,-162.672,4.0,36.0
718,0.0,0.0,6.0,6.0,151.401,-153.727,4.0,36.0
719,0.0,0.0,6.0,6.0,160.491,-144.212,4.0,36.0
720,0.0,0.0,6.0,6.0,168.984,-134.159,4.0,36.0
721,0.0,0.0,6.0,6.0,176.849,-123.608,4.0,36.0
722,0.0,0.0,6.0,6.0,184.055,-112.596,4.0,36.0
723,0.0,0.0,6.0,6.0,190.577,-101.166,4.0,36.0
724,0.0,0.0,6.0,6.0,196.39,-89.36,4.0,36.0
725,0.0,0.0,6.0,6.0,201.473,-77.221,4.0,36.0
726,0.0,0.0,6.0,6.0,205.806,-64.794,4.0,36.0
727,0.0,0.0,6.0,6.0,209.373,-52.127,4.0,36.0
728,0.0,0.0,6.0,6.0,212.161,-39.266,4.0,36.0
729,0.0,0.0,6.0,6.0,214.161,-26.259,4.0,36.0
730,0.0,0.0,6.0,6.0,215.363,-13.154,4.0,36.0
731,0.0,0.0,6.0,6.0,215.765,0.0,4.0,36.0
732,0.0,0.0,6.0,6.0,229.134,7.274,4.0,36.0
733,0.0,0.0,6.0,6.0,228.212,21.792,4.0,36.0
734,0.0,0.0,6.0,6.0,226.37,36.222,4.0,36.0
735,0.0,0.0,6.0,6.0,223.617,50.506,4.0,36.0
736,0.0,0.0,6.0,6.0,219.964,64.587,4.0,36.0
737,0.0,0.0,6.0,6.0,215.424,78.408,4.0,36.0
738,0.0,0.0,6.0,6.0,210.018,91.913,4.0,36.0
739,0.0,0.0,6.0,6.0,203.765,105.048,4.0,36.0
740,0.0,0.0,6.0,6.0,196.693,117.76,4.0,36.0
741,0.0,0.0,6.0,6.0,188.828,129.998,4.0,36.0
742,0.0,0.0,6.0,6.0,180.203,141.713,4.0,36.0
743,0.0,0.0,6.0,6.0,170.852,152.857,4.0,36.0
744,0.0,0.0,6.0,6.0,160.813,163.385,4.0,36.0
745,0.0,0.0,6.0,6.0,150.127,173.255,4.0,36.0
746,0.0,0.0,6.0,6.0,138.836,182.428,4.0,36.0
747,0.0,0.0,6.0,6.0,126.986,190.866,4.0,36.0
748,0.0,0.0,6.0,6.0,114.625,198.536,4.0,36.0
749,0.0,0.0,6.0,6.0,101.802,205.406,4.0,36.0
750,0.0,0.0,6.0,6.0,88.57,211.45,4.0,36.0
751,0.0,0.0,6.0,6.0,74.98,216.641,4.0,36.0
752,0.0,0.0,6.0,6.0,61.089,220.961,4.0,36.0
753,0.0,0.0,6.0,6.0,46.952,224.39,4.0,36.0
754,0.0,0.0,6.0,6.0,32.626,226.916,4.0,36.0
755,0.0,0.0,6.0,6.0,18.168,228.529,4.0,36.0
756,0.0,0.0,6.0,6.0,3.637,229.221,4.0,36.0
757,0.0,0.0,6.0,6.0,-10.908,228.99,4.0,36.0
758,0.0,0.0,6.0,6.0,-25.41,227.837,4.0,36.0
759,0.0,0.0,6.0,6.0,-39.809,225.767,4.0,36.0
760,0.0,0.0,6.0,6.0,-54.048,222.788,4.0,36.0
761,0.0,0.0,6.0,6.0,-68.069,218.911,4.0,36.0
762,0.0,0.0,6.0,6.0,-81.816,214.153,4.0,36.0
763,0.0,0.0,6.0,6.0,-95.234,208.533,4.0,36.0
764,0.0,0.0,6.0,6.0,-108.268,202.073,4.0,36.0
765,0.0,0.0,6.0,6.0,-120.866,194.799,4.0,36.0
766,0.0,0.0,6.0,6.0,-132.978,186.741,4.0,36.0
767,0.0,0.0,6.0,6.0,-144.554,177.931,4.0,36.0
768,0.0,0.0,6.0,6.0,-155.548,168.405,4.0,36.0
769,0.0,0.0,6.0,6.0,-165.916,158.2,4.0,36.0
770,0.0,0.0,6.0,6.0,-175.616,147.359,4.0,36.0
771,0.0,0.0,6.0,6.0,-184.608,135.924,4.0,36.0
772,0.0,0.0,6.0,6.0,-192.857,123.942,4.0,36.0
773,0.0,0.0,6.0,6.0,-200.33,111.46,4.0,36.0
774,0.0,0.0,6.0,6.0,-206.996,98.53,4.0,36.0
775,0.0,0.0,6.0,6.0,-212.828,85.204,4.0,36.0
776,0.0,0.0,6.0,6.0,-217.804,71.534,4.0,36.0
777,0.0,0.0,6.0,6.0,-221.902,57.576,4.0,36.0
778,0.0,0.0,6.0,6.0,-225.107,43.386,4.0,36.0
779,0.0,0.0,6.0,6.0,-227.405,29.021,4.0,36.0
780,0.0,0.0,6.0,6.0,-228.788,14.54,4.0,36.0
781,0.0,0.0,6.0,6.0,-229.25,0.0,4.0,36.0
782,0.0,0.0,6.0,6.0,-228.788,-14.54,4.0,36.0
783,0.0,0.0,6.0,6.0,-227.405,-29.021,4.0,36.0
784,0.0,0.0,6.0,6.0,-225.107,-43.386,4.0,36.0
785,0.0,0.0,6.0,6.0,-221.902,-57.576,4.0,36.0
786,0.0,0.0,6.0,6.0,-217.804,-71.534,4.0,36.0
787,0.0,0.0,6.0,6.0,-212.828,-85.204,4.0,36.0
788,0.0,0.0,6.0,6.0,-206.996,-98.53,4.0,36.0
789,0.0,0.0,6.0,6.0,-200.33,-111.46,4.0,36.0
790,0.0,0.0,6.0,6.0,-192.857,-123.942,4.0,36.0
791,0.0,0.0,6.0,6.0,-184.608,-135.924,4.0,36.0
792,0.0,0.0,6.0,6.0,-175.616,-147.359,4.0,36.0
793,0.0,0.0,6.0,6.0,-165.916,-158.2,4.0,36.0
794,0.0,0.0,6.0,6.0,-155.548,-168.405,4.0,36.0
795,0.0,0.0,6.0,6.0,-144.554,-177.931,4.0,36.0
796,0.0,0.0,6.0,6.0,-132.978,-186.741,4.0,36.0
797,0.0,0.0,6.0,6.0,-120.866,-194.799,4.0,36.0
798,0.0,0.0,6.0,6.0,-108.268,-202.073,4.0,36.0
799,0.0,0.0,6.0,6.0,-95.234,-208.533,4.0,36.0
800,0.0,0.0,6.0,6.0,-81.816,-214.153,4.0,36.0
801,0.0,0.0,6.0,6.0,-68.069,-218.911,4.0,36.0
802,0.0,0.0,6.0,6.0,-54.048,-222.788,4.0,36.0
803,0.0,0.0,6.0,6.0,-39.809,-225.767,4.0,36.0
804,0.0,0.0,6.0,6.0,-25.41,-227.837,4.0,36.0
805,0.0,0.0,6.0,6.0,-10.908,-228.99,4.0,36.0
806,0.0,0.0,6.0,6.0,3.637,-229.221,4.0,36.0
807,0.0,0.0,6.0,6.0,18.168,-228.529,4.0,36.0
808,0.0,0.0,6.0,6.0,32.626,-226.916,4.0,36.0
809,0.0,0.0,6.0,6.0,46.952,-224.39,4.0,36.0
810,0.0,0.0,6.0,6.0,61.089,-220.961,4.0,36.0
811,0.0,0.0,6.0,6.0,74.98,-216.641,4.0,36.0
812,0.0,0.0,6.0,6.0,88.57,-211.45,4.0,36.0
813,0.0,0.0,6.0,6.0,101.802,-205.406,4.0,36.0
814,0.0,0.0,6.0,6.0,114.625,-198.536,4.0,36.0
815,0.0,0.0,6.0,6.0,126.986,-190.866,4.0,36.0
816,0.0,0.0,6.0,6.0,138.836,-182.428,4.0,36.0
817,0.0,0.0,6.0,6.0,150.127,-173.255,4.0,36.0
818,0.0,0.0,6.0,6.0,160.813,-163.385,4.0,36.0
819,0.0,0.0,6.0,6.0,170.852,-152.857,4.0,36.0
820,0.0,0.0,6.0,6.0,180.203,-141.713,4.0,36.0
821,0.0,0.0,6.0,6.0,188.828,-129.998,4.0,36.0
822,0.0,0.0,6.0,6.0,196.693,-117.76,4.0,36.0
823,0.0,0.0,6.0,6.0,203.765,-105.048,4.0,36.0
824,0.0,0.0,6.0,6.0,210.018,-91.913,4.0,36.0
825,0.0,0.0,6.0,6.0,215.424,-78.408,4.0,36.0
826,0.0,0.0,6.0,6.0,219.964,-64.587,4.0,36.0
827,0.0,0.0,6.0,6.0,223.617,-50.506,4.0,36.0
828,0.0,0.0,6.0,6.0,226.37,-36.222,4.0,36.0
829,0.0,0.0,6.0,6.0,228.212,-21.792,4.0,36.0
830,0.0,0.0,6.0,6.0,229.134,-7.274,4.0,36.0
831,0.0,0.0,6.0,6.0,242.266,15.091,4.0,36.0
832,0.0,0.0,6.0,6.0,240.859,30.123,4.0,36.0
833,0.0,0.0,6.0,6.0,238.52,45.039,4.0,36.0
834,0.0,0.0,6.0,6.0,235.259,59.781,4.0,36.0
835,0.0,0.0,6.0,6.0,231.087,74.291,4.0,36.0
836,0.0,0.0,6.0,6.0,226.021,88.514,4.0,36.0
837,0.0,0.0,6.0,6.0,220.081,102.394,4.0,36.0
838,0.0,0.0,6.0,6.0,213.29,115.878,4.0,36.0
839,0.0,0.0,6.0,6.0,205.673,128.914,4.0,36.0
840,0.0,0.0,6.0,6.0,197.261,141.452,4.0,36.0
841,0.0,0.0,6.0,6.0,188.085,153.442,4.0,36.0
842,0.0,0.0,6.0,6.0,178.182,164.838,4.0,36.0
843,0.0,0.0,6.0,6.0,167.589,175.597,4.0,36.0
844,0.0,0.0,6.0,6.0,156.348,185.676,4.0,36.0
845,0.0,0.0,6.0,6.0,144.502,195.037,4.0,36.0
846,0.0,0.0,6.0,6.0,132.097,203.643,4.0,36.0
847,0.0,0.0,6.0,6.0,119.181,211.462,4.0,36.0
848,0.0,0.0,6.0,6.0,105.804,218.462,4.0,36.0
849,0.0,0.0,6.0,6.0,92.018,224.617,4.0,36.0
850,0.0,0.0,6.0,6.0,77.876,229.904,4.0,36.0
851,0.0,0.0,6.0,6.0,63.432,234.3,4.0,36.0
852,0.0,0.0,6.0,6.0,48.743,237.791,4.0,36.0
853,0.0,0.0,6.0,6.0,33.865,240.361,4.0,36.0
854,0.0,0.0,6.0,6.0,18.857,242.002,4.0,36.0
855,0.0,0.0,6.0,6.0,3.775,242.706,4.0,36.0
856,0.0,0.0,6.0,6.0,-11.321,242.471,4.0,36.0
857,0.0,0.0,6.0,6.0,-26.374,241.298,4.0,36.0
858,0.0,0.0,6.0,6.0,-41.324,239.192,4.0,36.0
859,0.0,0.0,6.0,6.0,-56.115,236.16,4.0,36.0
860,0.0,0.0,6.0,6.0,-70.688,232.214,4.0,36.0
861,0.0,0.0,6.0,6.0,-84.988,227.371,4.0,36.0
862,0.0,0.0,6.0,6.0,-98.959,221.647,4.0,36.0
863,0.0,0.0,6.0,6.0,-112.547,215.066,4.0,36.0
864,0.0,0.0,6.0,6.0,-125.7,207.653,4.0,36.0
865,0.0,0.0,6.0,6.0,-138.367,199.437,4.0,36.0
866,0.0,0.0,6.0,6.0,-150.498,190.449,4.0,36.0
867,0.0,0.0,6.0,6.0,-162.047,180.724,4.0,36.0
868,0.0,0.0,6.0,6.0,-172.969,170.3,4.0,36.0
869,0.0,0.0,6.0,6.0,-183.222,159.217,4.0,36.0
870,0.0,0.0,6.0,6.0,-192.766,147.518,4.0,36.0
871,0.0,0.0,6.0,6.0,-201.564,135.248,4.0,36.0
872,0.0,0.0,6.0,6.0,-209.583,122.456,4.0,36.0
873,0.0,0.0,6.0,6.0,-216.79,109.189,4.0,36.0
874,0.0,0.0,6.0,6.0,-223.159,95.5,4.0,36.0
875,0.0,0.0,6.0,6.0,-228.665,81.442,4.0,36.0
876,0.0,0.0,6.0,6.0,-233.286,67.068,4.0,36.0
877,0.0,0.0,6.0,6.0,-237.004,52.435,4.0,36.0
878,0.0,0.0,6.0,6.0,-239.805,37.599,4.0,36.0
879,0.0,0.0,6.0,6.0,-241.679,22.618,4.0,36.0
880,0.0,0.0,6.0,6.0,-242.618,7.549,4.0,36.0
881,0.0,0.0,6.0,6.0,-242.618,-7.549,4.0,36.0
882,0.0,0.0,6.0,6.0,-241.679,-22.618,4.0,36.0
883,0.0,0.0,6.0,6.0,-239.805,-37.599,4.0,36.0
884,0.0,0.0,6.0,6.0,-237.004,-52.435,4.0,36.0
885,0.0,0.0,6.0,6.0,-233.286,-67.068,4.0,36.0
886,0.0,0.0,6.0,6.0,-228.665,-81.442,4.0,36.0
887,0.0,0.0,6.0,6.0,-223.159,-95.5,4.0,36.0
888,0.0,0.0,6.0,6.0,-216.79,-109.189,4.0,36.0
889,0.0,0.0,6.0,6.0,-209.583,-122.456,4.0,36.0
890,0.0,0.0,6.0,6.0,-201.564,-135.248,4.0,36.0
891,0.0,0.0,6.0,6.0,-192.766,-147.518,4.0,36.0
892,0.0,0.0,6.0,6.0,-183.222,-159.217,4.0,36.0
893,0.0,0.0,6.0,6.0,-172.969,-170.3,4.0,36.0
894,0.0,0.0,6.0,6.0,-162.047,-180.724,4.0,36.0
895,0.0,0.0,6.0,6.0,-150.498,-190.449,4.0,36.0
896,0.0,0.0,6.0,6.0,-138.367,-199.437,4.0,36.0
897,0.0,0.0,6.0,6.0,-125.7,-207.653,4.0,36.0
898,0.0,0.0,6.0,6.0,-112.547,-215.066,4.0,36.0
899,0.0,0.0,6.0,6.0,-98.959,-221.647,4.0,36.0
900,0.0,0.0,6.0,6.0,-84.988,-227.371,4.0,36.0
901,0.0,0.0,6.0,6.0,-70.688,-232.214,4.0,36.0
902,0.0,0.0,6.0,6.0,-56.115,-236.16,4.0,36.0
903,0.0,0.0,6.0,6.0,-41.324,-239.192,4.0,36.0
904,0.0,0.0,6.0,6.0,-26.374,-241.298,4.0,36.0
905,0.0,0.0,6.0,6.0,-11.321,-242.471,4.0,36.0
906,0.0,0.0,6.0,6.0,3.775,-242.706,4.0,36.0
907,0.0,0.0,6.0,6.0,18.857,-242.002,4.0,36.0
908,0.0,0.0,6.0,6.0,33.865,-240.361,4.0,36.0
909,0.0,0.0,6.0,6.0,48.743,-237.791,4.0,36.0
910,0.0,0.0,6.0,6.0,63.432,-234.3,4.0,36.0
911,0.0,0.0,6.0,6.0,77.876,-229.904,4.0,36.0
912,0.0,0.0,6.0,6.0,92.018,-224.617,4.0,36.0
913,0.0,0.0,6.0,6.0,105.804,-218.462,4.0,36.0
914,0.0,0.0,6.0,6.0,119.181,-211.462,4.0,36.0
915,0.0,0.0,6.0,6.0,132.097,-203.643,4.0,36.0
916,0.0,0.0,6.0,6.0,144.502,-195.037,4.0,36.0
917,0.0,0.0,6.0,6.0,156.348,-185.676,4.0,36.0
918,0.0,0.0,6.0,6.0,167.589,-175.597,4.0,36.0
919,0.0,0.0,6.0,6.0,178.182,-164.838,4.0,36.0
920,0.0,0.0,6.0,6.0,188.085,-153.442,4.0,36.0
921,0.0,0.0,6.0,6.0,197.261,-141.452,4.0,36.0
922,0.0,0.0,6.0,6.0,205.673,-128.914,4.0,36.0
923,0.0,0.0,6.0,6.0,213.29,-115.878,4.0,36.0
924,0.0,0.0,6.0,6.0,220.081,-102.394,4.0,36.0
925,0.0,0.0,6.0,6.0,226.021,-88.514,4.0,36.0
926,0.0,0.0,6.0,6.0,231.087,-74.291,4.0,36.0
927,0.0,0.0,6.0,6.0,235.259,-59.781,4.0,36.0
928,0.0,0.0,6.0,6.0,238.52,-45.039,4.0,36.0
929,0.0,0.0,6.0,6.0,240.859,-30.123,4.0,36.0
930,0.0,0.0,6.0,6.0,242.266,-15.091,4.0,36.0
931,0.0,0.0,6.0,6.0,242.735,0.0,4.0,36.0
932,0.0,0.0,6.0,6.0,256.121,7.122,4.0,36.0
933,0.0,0.0,6.0,6.0,255.33,21.345,4.0,36.0
934,0.0,0.0,6.0,6.0,253.749,35.502,4.0,36.0
935,0.0,0.0,6.0,6.0,251.384,49.549,4.0,36.0
936,0.0,0.0,6.0,6.0,248.241,63.443,4.0,36.0
937,0.0,0.0,6.0,6.0,244.332,77.141,4.0,36.0
938,0.0,0.0,6.0,6.0,239.667,90.601,4.0,36.0
939,0.0,0.0,6.0,6.0,234.262,103.78,4.0,36.0
940,0.0,0.0,6.0,6.0,228.132,116.639,4.0,36.0
941,0.0,0.0,6.0,6.0,221.297,129.137,4.0,36.0
942,0.0,0.0,6.0,6.0,213.779,141.236,4.0,36.0
943,0.0,0.0,6.0,6.0,205.599,152.898,4.0,36.0
944,0.0,0.0,6.0,6.0,196.784,164.088,4.0,36.0
945,0.0,0.0,6.0,6.0,187.361,174.771,4.0,36.0
946,0.0,0.0,6.0,6.0,177.358,184.913,4.0,36.0
947,0.0,0.0,6.0,6.0,166.808,194.484,4.0,36.0
948,0.0,0.0,6.0,6.0,155.741,203.454,4.0,36.0
949,0.0,0.0,6.0,6.0,144.194,211.795,4.0,36.0
950,0.0,0.0,6.0,6.0,132.201,219.481,4.0,36.0
951,0.0,0.0,6.0,6.0,119.799,226.489,4.0,36.0
952,0.0,0.0,6.0,6.0,107.026,232.796,4.0,36.0
953,0.0,0.0,6.0,6.0,93.923,238.385,4.0,36.0
954,0.0,0.0,6.0,6.0,80.53,243.236,4.0,36.0
955,0.0,0.0,6.0,6.0,66.888,247.336,4.0,36.0
956,0.0,0.0,6.0,6.0,53.039,250.671,4.0,36.0
957,0.0,0.0,6.0,6.0,39.026,253.231,4.0,36.0
958,0.0,0.0,6.0,6.0,24.892,255.008,4.0,36.0
959,0.0,0.0,6.0,6.0,10.682,255.998,4.0,36.0
960,0.0,0.0,6.0,6.0,-3.562,256.196,4.0,36.0
961,0.0,0.0,6.0,6.0,-17.794,255.602,4.0,36.0
962,0.0,0.0,6.0,6.0,-31.972,254.218,4.0,36.0
963,0.0,0.0,6.0,6.0,-46.05,252.048,4.0,36.0
964,0.0,0.0,6.0,6.0,-59.987,249.099,4.0,36.0
965,0.0,0.0,6.0,6.0,-73.738,245.381,4.0,36.0
966,0.0,0.0,6.0,6.0,-87.261,240.903,4.0,36.0
967,0.0,0.0,6.0,6.0,-100.514,235.682,4.0,36.0
968,0.0,0.0,6.0,6.0,-113.456,229.731,4.0,36.0
969,0.0,0.0,6.0,6.0,-126.048,223.071,4.0,36.0
970,0.0,0.0,6.0,6.0,-138.251,215.721,4.0,36.0
971,0.0,0.0,6.0,6.0,-150.026,207.705,4.0,36.0
972,0.0,0.0,6.0,6.0,-161.337,199.046,4.0,36.0
973,0.0,0.0,6.0,6.0,-172.15,189.772,4.0,36.0
974,0.0,0.0,6.0,6.0,-182.43,179.912,4.0,36.0
975,0.0,0.0,6.0,6.0,-192.147,169.495,4.0,36.0
976,0.0,0.0,6.0,6.0,-201.269,158.555,4.0,36.0
977,0.0,0.0,6.0,6.0,-209.77,147.124,4.0,36.0
978,0.0,0.0,6.0,6.0,-217.622,135.239,4.0,36.0
979,0.0,0.0,6.0,6.0,-224.802,122.935,4.0,36.0
980,0.0,0.0,6.0,6.0,-231.286,110.252,4.0,36.0
981,0.0,0.0,6.0,6.0,-237.056,97.228,4.0,36.0
982,0.0,0.0,6.0,6.0,-242.093,83.903,4.0,36.0
983,0.0,0.0,6.0,6.0,-246.382,70.32,4.0,36.0
984,0.0,0.0,6.0,6.0,-249.909,56.518,4.0,36.0
985,0.0,0.0,6.0,6.0,-252.664,42.542,4.0,36.0
986,0.0,0.0,6.0,6.0,-254.638,28.435,4.0,36.0
987,0.0,0.0,6.0,6.0,-255.824,14.239,4.0,36.0
988,0.0,0.0,6.0,6.0,-256.22,0.0,4.0,36.0
989,0.0,0.0,6.0,6.0,-255.824,-14.239,4.0,36.0
990,0.0,0.0,6.0,6.0,-254.638,-28.435,4.0,36.0
991,0.0,0.0,6.0,6.0,-252.664,-42.542,4.0,36.0
992,0.0,0.0,6.0,6.0,-249.909,-56.518,4.0,36.0
993,0.0,0.0,6.0,6.0,-246.382,-70.32,4.0,36.0
994,0.0,0.0,6.0,6.0,-242.093,-83.903,4.0,36.0
995,0.0,0.0,6.0,6.0,-237.056,-97.228,4.0,36.0
996,0.0,0.0,6.0,6.0,-231.286,-110.252,4.0,36.0
997,0.0,0.0,6.0,6.0,-224.802,-122.935,4.0,36.0
998,0.0,0.0,6.0,6.0,-217.622,-135.239,4.0,36.0
999,0.0,0.0,6.0,6.0,-209.77,-147.124,4.0,36.0
1000,0.0,0.0,6.0,6.0,-201.269,-158.555,4.0,36.0
1001,0.0,0.0,6.0,6.0,-192.147,-169.495,4.0,36.0
1002,0.0,0.0,6.0,6.0,-182.43,-179.912,4.0,36.0
1003,0.0,0.0,6.0,6.0,-172.15,-189.772,4.0,36.0
1004,0.0,0.0,6.0,6.0,-161.337,-199.046,4.0,36.0
1005,0.0,0.0,6.0,6.0,-150.026,-207.705,4.0,36.0
1006,0.0,0.0,6.0,6.0,-138.251,-215.721,4.0,36.0
1007,0.0,0.0,6.0,6.0,-126.048,-223.071,4.0,36.0
1008,0.0,0.0,6.0,6.0,-113.456,-229.731,4.0,36.0
1009,0.0,0.0,6.0,6.0,-100.514,-235.682,4.0,36.0
1010,0.0,0.0,6.0,6.0,-87.261,-240.903,4.0,36.0
1011,0.0,0.0,6.0,6.0,-73.738,-245.381,4.0,36.0
1012,0.0,0.0,6.0,6.0,-59.987,-249.099,4.0,36.0
1013,0.0,0.0,6.0,6.0,-46.05,-252.048,4.0,36.0
1014,0.0,0.0,6.0,6.0,-31.972,-254.218,4.0,36.0
1015,0.0,0.0,6.0,6.0,-17.794,-255.602,4.0,36.0
1016,0.0,0.0,6.0,6.0,-3.562,-256.196,4.0,36.0
1017,0.0,0.0,6.0,6.0,10.682,-255.998,4.0,36.0
1018,0.0,0.0,6.0,6.0,24.892,-255.008,4.0,36.0
1019,0.0,0.0,6.0,6.0,39.026,-253.231,4.0,36.0
1020,0.0,0.0,6.0,6.0,53.039,-250.671,4.0,36.0
1021,0.0,0.0,6.0,6.0,66.888,-247.336,4.0,36.0
1022,0.0,0.0,6.0,6.0,80.53,-243.236,4.0,36.0
1023,0.0,0.0,6.0,6.0,93.923,-238.385,4.0,36.0
1024,0.0,0.0,6.0,6.0,107.026,-232.796,4.0,36.0
1025,0.0,0.0,6.0,6.0,119.799,-226.489,4.0,36.0
1026,0.0,0.0,6.0,6.0,132.201,-219.481,4.0,36.0
1027,0.0,0.0,6.0,6.0,144.194,-211.795,4.0,36.0
1028,0.0,0.0,6.0,6.0,155.741,-203.454,4.0,36.0
1029,0.0,0.0,6.0,6.0,166.808,-194.484,4.0,36.0
1030,0.0,0.0,6.0,6.0,177.358,-184.913,4.0,36.0
1031,0.0,0.0,6.0,6.0,187.361,-174.771,4.0,36.0
1032,0.0,0.0,6.0,6.0,196.784,-164.088,4.0,36.0
1033,0.0,0.0,6.0,6.0,205.599,-152.898,4.0,36.0
1034,0.0,0.0,6.0,6.0,213.779,-141.236,4.0,36.0
1035,0.0,0.0,6.0,6.0,221.297,-129.137,4.0,36.0
1036,0.0,0.0,6.0,6.0,228.132,-116.639,4.0,36.0
1037,0.0,0.0,6.0,6.0,234.262,-103.78,4.0,36.0
1038,0.0,0.0,6.0,6.0,239.667,-90.601,4.0,36.0
1039,0.0,0.0,6.0,6.0,244.332,-77.141,4.0,36.0
1040,0.0,0.0,6.0,6.0,248.241,-63.443,4.0,36.0
1041,0.0,0.0,6.0,6.0,251.384,-49.549,4.0,36.0
1042,0.0,0.0,6.0,6.0,253.749,-35.502,4.0,36.0
1043,0.0,0.0,6.0,6.0,255.33,-21.345,4.0,36.0
1044,0.0,0.0,6.0,6.0,256.121,-7.122,4.0,36.0
1045,0.0,0.0,6.0,6.0,269.281,15.123,4.0,36.0
1046,0.0,0.0,6.0,6.0,268.01,30.197,4.0,36.0
1047,0.0,0.0,6.0,6.0,265.895,45.177,4.0,36.0
1048,0.0,0.0,6.0,6.0,262.944,60.015,4.0,36.0
1049,0.0,0.0,6.0,6.0,259.165,74.664,4.0,36.0
1050,0.0,0.0,6.0,6.0,254.571,89.078,4.0,36.0
1051,0.0,0.0,6.0,6.0,249.176,103.212,4.0,36.0
1052,0.0,0.0,6.0,6.0,242.996,117.021,4.0,36.0
1053,0.0,0.0,6.0,6.0,236.053,130.462,4.0,36.0
1054,0.0,0.0,6.0,6.0,228.366,143.492,4.0,36.0
1055,0.0,0.0,6.0,6.0,219.961,156.071,4.0,36.0
1056,0.0,0.0,6.0,6.0,210.864,168.159,4.0,36.0
1057,0.0,0.0,6.0,6.0,201.104,179.717,4.0,36.0
1058,0.0,0.0,6.0,6.0,190.711,190.711,4.0,36.0
1059,0.0,0.0,6.0,6.0,179.717,201.104,4.0,36.0
1060,0.0,0.0,6.0,6.0,168.159,210.864,4.0,36.0
1061,0.0,0.0,6.0,6.0,156.071,219.961,4.0,36.0
1062,0.0,0.0,6.0,6.0,143.492,228.366,4.0,36.0
1063,0.0,0.0,6.0,6.0,130.462,236.053,4.0,36.0
1064,0.0,0.0,6.0,6.0,117.021,242.996,4.0,36.0
1065,0.0,0.0,6.0,6.0,103.212,249.176,4.0,36.0
1066,0.0,0.0,6.0,6.0,89.078,254.571,4.0,36.0
1067,0.0,0.0,6.0,6.0,74.664,259.165,4.0,36.0
1068,0.0,0.0,6.0,6.0,60.015,262.944,4.0,36.0
1069,0.0,0.0,6.0,6.0,45.177,265.895,4.0,36.0
1070,0.0,0.0,6.0,6.0,30.197,268.01,4.0,36.0
1071,0.0,0.0,6.0,6.0,15.123,269.281,4.0,36.0
1072,0.0,0.0,6.0,6.0,0.0,269.706,4.0,36.0
1073,0.0,0.0,6.0,6.0,-15.123,269.281,4.0,36.0
1074,0.0,0.0,6.0,6.0,-30.197,268.01,4.0,36.0
1075,0.0,0.0,6.0,6.0,-45.177,265.895,4.0,36.0
1076,0.0,0.0,6.0,6.0,-60.015,262.944,4.0,36.0
1077,0.0,0.0,6.0,6.0,-74.664,259.165,4.0,36.0
1078,0.0,0.0,6.0,6.0,-89.078,254.571,4.0,36.0
1079,0.0,0.0,6.0,6.0,-103.212,249.176,4.0,36.0
1080,0.0,0.0,6.0,6.0,-117.021,242.996,4.0,36.0
1081,0.0,0.0,6.0,6.0,-130.462,236.053,4.0,36.0
1082,0.0,0.0,6.0,6.0,-143.492,228.366,4.0,36.0
1083,0.0,0.0,6.0,6.0,-156.071,219.961,4.0,36.0
1084,0.0,0.0,6.0,6.0,-168.159,210.864,4.0,36.0
1085,0.0,0.0,6.0,6.0,-179.717,201.104,4.0,36.0
1086,0.0,0.0,6.0,6.0,-190.711,190.711,4.0,36.0
1087,0.0,0.0,6.0,6.0,-201.104,179.717,4.0,36.0
1088,0.0,0.0,6.0,6.0,-210.864,168.159,4.0,36.0
1089,0.0,0.0,6.0,6.0,-219.961,156.071,4.0,36.0
1090,0.0,0.0,6.0,6.0,-228.366,143.492,4.0,36.0
1091,0.0,0.0,6.0,6.0,-236.053,130.462,4.0,36.0
1092,0.0,0.0,6.0,6.0,-242.996,117.021,4.0,36.0
1093,0.0,0.0,6.0,6.0,-249.176,103.212,4.0,36.0
1094,0.0,0.0,6.0,6.0,-254.571,89.078,4.0,36.0
1095,0.0,0.0,6.0,6.0,-259.165,74.664,4.0,36.0
1096,0.0,0.0,6.0,6.0,-262.944,60.015,4.0,36.0
1097,0.0,0.0,6.0,6.0,-265.895,45.177,4.0,36.0
1098,0.0,0.0,6.0,6.0,-268.01,30.197,4.0,36.0
1099,0.0,0.0,6.0,6.0,-269.281,15.123,4.0,36.0
1100,0.0,0.0,6.0,6.0,-269.706,0.0,4.0,36.0
1101,0.0,0.0,6.0,6.0,-269.281,-15.123,4.0,36.0
1102,0.0,0.0,6.0,6.0,-268.01,-30.197,4.0,36.0
1103,0.0,0.0,6.0,6.0,-265.895,-45.177,4.0,36.0
1104,0.0,0.0,6.0,6.0,-262.944,-60.015,4.0,36.0
1105,0.0,0.0,6.0,6.0,-259.165,-74.664,4.0,36.0
1106,0.0,0.0,6.0,6.0,-254.571,-89.078,4.0,36.0
1107,0.0,0.0,6.0,6.0,-249.176,-103.212,4.0,36.0
1108,0.0,0.0,6.0,6.0,-242.996,-117.021,4.0,36.0
1109,0.0,0.0,6.0,6.0,-236.053,-130.462,4.0,36.0
1110,0.0,0.0,6.0,6.0,-228.366,-143.492,4.0,36.0
1111,0.0,0.0,6.0,6.0,-219.961,-156.071,4.0,36.0
1112,0.0,0.0,6.0,6.0,-210.864,-168.159,4.0,36.0
1113,0.0,0.0,6.0,6.0,-201.104,-179.717,4.0,36.0
1114,0.0,0.0,6.0,6.0,-190.711,-190.711,4.0,36.0
1115,0.0,0.0,6.0,6.0,-179.717,-201.104,4.0,36.0
1116,0.0,0.0,6.0,6.0,-168.159,-210.864,4.0,36.0
1117,0.0,0.0,6.0,6.0,-156.071,-219.961,4.0,36.0
1118,0.0,0.0,6.0,6.0,-143.492,-228.366,4.0,36.0
1119,0.0,0.0,6.0,6.0,-130.462,-236.053,4.0,36.0
1120,0.0,0.0,6.0,6.0,-117.021,-242.996,4.0,36.0
1121,0.0,0.0,6.0,6.0,-103.212,-249.176,4.0,36.0
1122,0.0,0.0,6.0,6.0,-89.078,-254.571,4.0,36.0
1123,0.0,0.0,6.0,6.0,-74.664,-259.165,4.0,36.0
1124,0.0,0.0,6.0,6.0,-60.015,-262.944,4.0,36.0
1125,0.0,0.0,6.0,6.0,-45.177,-265.895,4.0,36.0
1126,0.0,0.0,6.0,6.0,-30.197,-268.01,4.0,36.0
1127,0.0,0.0,6.0,6.0,-15.123,-269.281,4.0,36.0
1128,0.0,0.0,6.0,6.0,0.0,-269.706,4.0,36.0
1129,0.0,0.0,6.0,6.0,15.123,-269.281,4.0,36.0
1130,0.0,0.0,6.0,6.0,30.197,-268.01,4.0,36.0
1131,0.0,0.0,6.0,6.0,45.177,-265.895,4.0,36.0
1132,0.0,0.0,6.0,6.0,60.015,-262.944,4.0,36.0
1133,0.0,0.0,6.0,6.0,74.664,-259.165,4.0,36.0
1134,0.0,0.0,6.0,6.0,89.078,-254.571,4.0,36.0
1135,0.0,0.0,6.0,6.0,103.212,-249.176,4.0,36.0
1136,0.0,0.0,6.0,6.0,117.021,-242.996,4.0,36.0
1137,0.0,0.0,6.0,6.0,130.462,-236.053,4.0,36.0
1138,0.0,0.0,6.0,6.0,143.492,-228.366,4.0,36.0
1139,0.0,0.0,6.0,6.0,156.071,-219.961,4.0,36.0
1140,0.0,0.0,6.0,6.0,168.159,-210.864,4.0,36.0
1141,0.0,0.0,6.0,6.0,179.717,-201.104,4.0,36.0
1142,0.0,0.0,6.0,6.0,190.711,-190.711,4.0,36.0
1143,0.0,0.0,6.0,6.0,201.104,-179.717,4.0,36.0
1144,0.0,0.0,6.0,6.0,210.864,-168.159,4.0,36.0
1145,0.0,0.0,6.0,6.0,219.961,-156.071,4.0,36.0
1146,0.0,0.0,6.0,6.0,228.366,-143.492,4.0,36.0
1147,0.0,0.0,6.0,6.0,236.053,-130.462,4.0,36.0
1148,0.0,0.0,6.0,6.0,242.996,-117.021,4.0,36.0
1149,0.0,0.0,6.0,6.0,249.176,-103.212,4.0,36.0
1150,0.0,0.0,6.0,6.0,254.571,-89.078,4.0,36.0
1151,0.0,0.0,6.0,6.0,259.165,-74.664,4.0,36.0
1152,0.0,0.0,6.0,6.0,262.944,-60.015,4.0,36.0
1153,0.0,0.0,6.0,6.0,265.895,-45.177,4.0,36.0
1154,0.0,0.0,6.0,6.0,268.01,-30.197,4.0,36.0
1155,0.0,0.0,6.0,6.0,269.281,-15.123,4.0,36.0
1156,0.0,0.0,6.0,6.0,269.706,0.0,4.0,36.0
1157,0.0,0.0,6.0,6.0,283.067,8.392,4.0,36.0
1158,0.0,0.0,6.0,6.0,282.072,25.146,4.0,36.0
1159,0.0,0.0,6.0,6.0,280.087,41.812,4.0,36.0
1160,0.0,0.0,6.0,6.0,277.118,58.331,4.0,36.0
1161,0.0,0.0,6.0,6.0,273.176,74.645,4.0,36.0
1162,0.0,0.0,6.0,6.0,268.274,90.698,4.0,36.0
1163,0.0,0.0,6.0,6.0,262.43,106.431,4.0,36.0
1164,0.0,0.0,6.0,6.0,255.664,121.791,4.0,36.0
1165,0.0,0.0,6.0,6.0,248.0,136.722,4.0,36.0
1166,0.0,0.0,6.0,6.0,239.465,151.174,4.0,36.0
1167,0.0,0.0,6.0,6.0,230.089,165.094,4.0,36.0
1168,0.0,0.0,6.0,6.0,219.904,178.435,4.0,36.0
1169,0.0,0.0,6.0,6.0,208.948,191.149,4.0,36.0
1170,0.0,0.0,6.0,6.0,197.257,203.192,4.0,36.0
1171,0.0,0.0,6.0,6.0,184.873,214.52,4.0,36.0
1172,0.0,0.0,6.0,6.0,171.84,225.096,4.0,36.0
1173,0.0,0.0,6.0,6.0,158.204,234.88,4.0,36.0
1174,0.0,0.0,6.0,6.0,144.011,243.84,4.0,36.0
1175,0.0,0.0,6.0,6.0,129.313,251.943,4.0,36.0
1176,0.0,0.0,6.0,6.0,114.161,259.161,4.0,36.0
1177,0.0,0.0,6.0,6.0,98.608,265.469,4.0,36.0
1178,0.0,0.0,6.0,6.0,82.708,270.844,4.0,36.0
1179,0.0,0.0,6.0,6.0,66.518,275.268,4.0,36.0
1180,0.0,0.0,6.0,6.0,50.094,278.725,4.0,36.0
1181,0.0,0.0,6.0,6.0,33.494,281.203,4.0,36.0
1182,0.0,0.0,6.0,6.0,16.776,282.694,4.0,36.0
1183,0.0,0.0,6.0,6.0,0.0,283.191,4.0,36.0
1184,0.0,0.0,6.0,6.0,-16.776,282.694,4.0,36.0
1185,0.0,0.0,6.0,6.0,-33.494,281.203,4.0,36.0
1186,0.0,0.0,6.0,6.0,-50.094,278.725,4.0,36.0
1187,0.0,0.0,6.0,6.0,-66.518,275.268,4.0,36.0
1188,0.0,0.0,6.0,6.0,-82.708,270.844,4.0,36.0
1189,0.0,0.0,6.0,6.0,-98.608,265.469,4.0,36.0
1190,0.0,0.0,6.0,6.0,-114.161,259.161,4.0,36.0
1191,0.0,0.0,6.0,6.0,-129.313,251.943,4.0,36.0
1192,0.0,0.0,6.0,6.0,-144.011,243.84,4.0,36.0
1193,0.0,0.0,6.0,6.0,-158.204,234.88,4.0,36.0
1194,0.0,0.0,6.0,6.0,-171.84,225.096,4.0,36.0
1195,0.0,0.0,6.0,6.0,-184.873,214.52,4.0,36.0
1196,0.0,0.0,6.0,6.0,-197.257,203.192,4.0,36.0
1197,0.0,0.0,6.0,6.0,-208.948,191.149,4.0,36.0
1198,0.0,0.0,6.0,6.0,-219.904,178.435,4.0,36.0
1199,0.0,0.0,6.0,6.0,-230.089,165.094,4.0,36.0
1200,0.0,0.0,6.0,6.0,-239.465,151.174,4.0,36.0
1201,0.0,0.0,6.0,6.0,-248.0,136.722,4.0,36.0
1202,0.0,0.0,6.0,6.0,-255.664,121.791,4.0,36.0
1203,0.0,0.0,6.0,6.0,-262.43,106.431,4.0,36.0
1204,0.0,0.0,6.0,6.0,-268.274,90.698,4.0,36.0
1205,0.0,0.0,6.0,6.0,-273.176,74.645,4.0,36.0
1206,0.0,0.0,6.0,6.0,-277.118,58.331,4.0,36.0
1207,0.0,0.0,6.0,6.0,-280.087,41.812,4.0,36.0
1208,0.0,0.0,6.0,6.0,-282.072,25.146,4.0,36.0
1209,0.0,0.0,6.0,6.0,-283.067,8.392,4.0,36.0
1210,0.0,0.0,6.0,6.0,-283.067,-8.392,4.0,36.0
1211,0.0,0.0,6.0,6.0,-282.072,-25.146,4.0,36.0
1212,0.0,0.0,6.0,6.0,-280.087,-41.812,4.0,36.0
1213,0.0,0.0,6.0,6.0,-277.118,-58.331,4.0,36.0
1214,0.0,0.0,6.0,6.0,-273.176,-74.645,4.0,36.0
1215,0.0,0.0,6.0,6.0,-268.274,-90.698,4.0,36.0
1216,0.0,0.0,6.0,6.0,-262.43,-106.431,4.0,36.0
1217,0.0,0.0,6.0,6.0,-255.664,-121.791,4.0,36.0
1218,0.0,0.0,6.0,6.0,-248.0,-136.722,4.0,36.0
1219,0.0,0.0,6.0,6.0,-239.465,-151.174,4.0,36.0
1220,0.0,0.0,6.0,6.0,-230.089,-165.094,4.0,36.0
1221,0.0,0.0,6.0,6.0,-219.904,-178.435,4.0,36.0
1222,0.0,0.0,6.0,6.0,-208.948,-191.149,4.0,36.0
1223,0.0,0.0,6.0,6.0,-197.257,-203.192,4.0,36.0
1224,0.0,0.0,6.0,6.0,-184.873,-214.52,4.0,36.0
1225,0.0,0.0,6.0,6.0,-171.84,-225.096,4.0,36.0
1226,0.0,0.0,6.0,6.0,-158.204,-234.88,4.0,36.0
1227,0.0,0.0,6.0,6.0,-144.011,-243.84,4.0,36.0
1228,0.0,0.0,6.0,6.0,-129.313,-251.943,4.0,36.0
1229,0.0,0.0,6.0,6.0,-114.161,-259.161,4.0,36.0
1230,0.0,0.0,6.0,6.0,-98.608,-265.469,4.0,36.0
1231,0.0,0.0,6.0,6.0,-82.708,-270.844,4.0,36.0
1232,0.0,0.0,6.0,6.0,-66.518,-275.268,4.0,36.0
1233,0.0,0.0,6.0,6.0,-50.094,-278.725,4.0,36.0
1234,0.0,0.0,6.0,6.0,-33.494,-281.203,4.0,36.0
1235,0.0,0.0,6.0,6.0,-16.776,-282.694,4.0,36.0
1236,0.0,0.0,6.0,6.0,0.0,-283.191,4.0,36.0
1237,0.0,0.0,6.0,6.0,16.776,-282.694,4.0,36.0
1238,0.0,0.0,6.0,6.0,33.494,-281.203,4.0,36.0
1239,0.0,0.0,6.0,6.0,50.094,-278.725,4.0,36.0
1240,0.0,0.0,6.0,6.0,66.518,-275.268,4.0,36.0
1241,0.0,0.0,6.0,6.0,82.708,-270.844,4.0,36.0
1242,0.0,0.0,6.0,6.0,98.608,-265.469,4.0,36.0
1243,0.0,0.0,6.0,6.0,114.161,-259.161,4.0,36.0
1244,0.0,0.0,6.0,6.0,129.313,-251.943,4.0,36.0
1245,0.0,0.0,6.0,6.0,144.011,-243.84,4.0,36.0
1246,0.0,0.0,6.0,6.0,158.204,-234.88,4.0,36.0
1247,0.0,0.0,6.0,6.0,171.84,-225.096,4.0,36.0
1248,0.0,0.0,6.0,6.0,184.873,-214.52,4.0,36.0
1249,0.0,0.0,6.0,6.0,197.257,-203.192,4.0,36.0
1250,0.0,0.0,6.0,6.0,208.948,-191.149,4.0,36.0
1251,0.0,0.0,6.0,6.0,219.904,-178.435,4.0,36.0
1252,0.0,0.0,6.0,6.0,230.089,-165.094,4.0,36.0
1253,0.0,0.0,6.0,6.0,239.465,-151.174,4.0,36.0
1254,0.0,0.0,6.0,6.0,248.0,-136.722,4.0,36.0
1255,0.0,0.0,6.0,6.0,255.664,-121.791,4.0,36.0
1256,0.0,0.0,6.0,6.0,262.43,-106.431,4.0,36.0
1257,0.0,0.0,6.0,6.0,268.274,-90.698,4.0,36.0
1258,0.0,0.0,6.0,6.0,273.176,-74.645,4.0,36.0
1259,0.0,0.0,6.0,6.0,277.118,-58.331,4.0,36.0
1260,0.0,0.0,6.0,6.0,280.087,-41.812,4.0,36.0
1261,0.0,0.0,6.0,6.0,282.072,-25.146,4.0,36.0
1262,0.0,0.0,6.0,6.0,283.067,-8.392,4.0,36.0
1263,0.0,0.0,6.0,6.0,296.174,17.25,4.0,36.0
1264,0.0,0.0,6.0,6.0,294.67,34.442,4.0,36.0
1265,0.0,0.0,6.0,6.0,292.169,51.517,4.0,36.0
1266,0.0,0.0,6.0,6.0,288.679,68.418,4.0,36.0
1267,0.0,0.0,6.0,6.0,284.213,85.088,4.0,36.0
1268,0.0,0.0,6.0,6.0,278.784,101.469,4.0,36.0
1269,0.0,0.0,6.0,6.0,272.413,117.507,4.0,36.0
1270,0.0,0.0,6.0,6.0,265.12,133.148,4.0,36.0
1271,0.0,0.0,6.0,6.0,256.929,148.338,4.0,36.0
1272,0.0,0.0,6.0,6.0,247.869,163.026,4.0,36.0
1273,0.0,0.0,6.0,6.0,237.971,177.163,4.0,36.0
1274,0.0,0.0,6.0,6.0,227.267,190.7,4.0,36.0
1275,0.0,0.0,6.0,6.0,215.794,203.592,4.0,36.0
1276,0.0,0.0,6.0,6.0,203.592,215.794,4.0,36.0
1277,0.0,0.0,6.0,6.0,190.7,227.267,4.0,36.0
1278,0.0,0.0,6.0,6.0,177.163,237.971,4.0,36.0
1279,0.0,0.0,6.0,6.0,163.026,247.869,4.0,36.0
1280,0.0,0.0,6.0,6.0,148.338,256.929,4.0,36.0
1281,0.0,0.0,6.0,6.0,133.148,265.12,4.0,36.0
1282,0.0,0.0,6.0,6.0,117.507,272.413,4.0,36.0
1283,0.0,0.0,6.0,6.0,101.469,278.784,4.0,36.0
1284,0.0,0.0,6.0,6.0,85.088,284.213,4.0,36.0
1285,0.0,0.0,6.0,6.0,68.418,288.679,4.0,36.0
1286,0.0,0.0,6.0,6.0,51.517,292.169,4.0,36.0
1287,0.0,0.0,6.0,6.0,34.442,294.67,4.0,36.0
1288,0.0,0.0,6.0,6.0,17.25,296.174,4.0,36.0
1289,0.0,0.0,6.0,6.0,0.0,296.676,4.0,36.0
1290,0.0,0.0,6.0,6.0,-17.25,296.174,4.0,36.0
1291,0.0,0.0,6.0,6.0,-34.442,294.67,4.0,36.0
1292,0.0,0.0,6.0,6.0,-51.517,292.169,4.0,36.0
1293,0.0,0.0,6.0,6.0,-68.418,288.679,4.0,36.0
1294,0.0,0.0,6.0,6.0,-85.088,284.213,4.0,36.0
1295,0.0,0.0,6.0,6.0,-101.469,278.784,4.0,36.0
1296,0.0,0.0,6.0,6.0,-117.507,272.413,4.0,36.0
1297,0.0,0.0,6.0,6.0,-133.148,265.12,4.0,36.0
1298,0.0,0.0,6.0,6.0,-148.338,256.929,4.0,36.0
1299,0.0,0.0,6.0,6.0,-163.026,247.869,4.0,36.0
1300,0.0,0.0,6.0,6.0,-177.163,237.971,4.0,36.0
1301,0.0,0.0,6.0,6.0,-190.7,227.267,4.0,36.0
1302,0.0,0.0,6.0,6.0,-203.592,215.794,4.0,36.0
1303,0.0,0.0,6.0,6.0,-215.794,203.592,4.0,36.0
1304,0.0,0.0,6.0,6.0,-227.267,190.7,4.0,36.0
1305,0.0,0.0,6.0,6.0,-237.971,177.163,4.0,36.0
1306,0.0,0.0,6.0,6.0,-247.869,163.026,4.0,36.0
1307,0.0,0.0,6.0,6.0,-256.929,148.338,4.0,36.0
1308,0.0,0.0,6.0,6.0,-265.12,133.148,4.0,36.0
1309,0.0,0.0,6.0,6.0,-272.413,117.507,4.0,36.0
1310,0.0,0.0,6.0,6.0,-278.784,101.469,4.0,36.0
1311,0.0,0.0,6.0,6.0,-284.213,85.088,4.0,36.0
1312,0.0,0.0,6.0,6.0,-288.679,68.418,4.0,36.0
1313,0.0,0.0,6.0,6.0,-292.169,51.517,4.0,36.0
1314,0.0,0.0,6.0,6.0,-294.67,34.442,4.0,36.0
1315,0.0,0.0,6.0,6.0,-296.174,17.25,4.0,36.0
1316,0.0,0.0,6.0,6.0,-296.676,0.0,4.0,36.0
1317,0.0,0.0,6.0,6.0,-296.174,-17.25,4.0,36.0
1318,0.0,0.0,6.0,6.0,-294.67,-34.442,4.0,36.0
1319,0.0,0.0,6.0,6.0,-292.169,-51.517,4.0,36.0
1320,0.0,0.0,6.0,6.0,-288.679,-68.418,4.0,36.0
1321,0.0,0.0,6.0,6.0,-284.213,-85.088,4.0,36.0
1322,0.0,0.0,6.0,6.0,-278.784,-101.469,4.0,36.0
1323,0.0,0.0,6.0,6.0,-272.413,-117.507,4.0,36.0
1324,0.0,0.0,6.0,6.0,-265.12,-133.148,4.0,36.0
1325,0.0,0.0,6.0,6.0,-256.929,-148.338,4.0,36.0
1326,0.0,0.0,6.0,6.0,-247.869,-163.026,4.0,36.0
1327,0.0,0.0,6.0,6.0,-237.971,-177.163,4.0,36.0
1328,0.0,0.0,6.0,6.0,-227.267,-190.7,4.0,36.0
1329,0.0,0.0,6.0,6.0,-215.794,-203.592,4.0,36.0
1330,0.0,0.0,6.0,6.0,-203.592,-215.794,4.0,36.0
1331,0.0,0.0,6.0,6.0,-190.7,-227.267,4.0,36.0
1332,0.0,0.0,6.0,6.0,-177.163,-237.971,4.0,36.0
1333,0.0,0.0,6.0,6.0,-163.026,-247.869,4.0,36.0
1334,0.0,0.0,6.0,6.0,-148.338,-256.929,4.0,36.0
1335,0.0,0.0,6.0,6.0,-133.148,-265.12,4.0,36.0
1336,0.0,0.0,6.0,6.0,-117.507,-272.413,4.0,36.0
1337,0.0,0.0,6.0,6.0,-101.469,-278.784,4.0,36.0
1338,0.0,0.0,6.0,6.0,-85.088,-284.213,4.0,36.0
1339,0.0,0.0,6.0,6.0,-68.418,-288.679,4.0,36.0
1340,0.0,0.0,6.0,6.0,-51.517,-292.169,4.0,36.0
1341,0.0,0.0,6.0,6.0,-34.442,-294.67,4.0,36.0
1342,0.0,0.0,6.0,6.0,-17.25,-296.174,4.0,36.0
1343,0.0,0.0,6.0,6.0,0.0,-296.676,4.0,36.0
1344,0.0,0.0,6.0,6.0,17.25,-296.174,4.0,36.0
1345,0.0,0.0,6.0,6.0,34.442,-294.67,4.0,36.0
1346,0.0,0.0,6.0,6.0,51.517,-292.169,4.0,36.0
1347,0.0,0.0,6.0,6.0,68.418,-288.679,4.0,36.0
1348,0.0,0.0,6.0,6.0,85.088,-284.213,4.0,36.0
1349,0.0,0.0,6.0,6.0,101.469,-278.784,4.0,36.0
1350,0.0,0.0,6.0,6.0,117.507,-272.413,4.0,36.0
1351,0.0,0.0,6.0,6.0,133.148,-265.12,4.0,36.0
1352,0.0,0.0,6.0,6.0,148.338,-256.929,4.0,36.0
1353,0.0,0.0,6.0,6.0,163.026,-247.869,4.0,36.0
1354,0.0,0.0,6.0,6.0,177.163,-237.971,4.0,36.0
1355,0.0,0.0,6.0,6.0,190.7,-227.267,4.0,36.0
1356,0.0,0.0,6.0,6.0,203.592,-215.794,4.0,36.0
1357,0.0,0.0,6.0,6.0,215.794,-203.592,4.0,36.0
1358,0.0,0.0,6.0,6.0,227.267,-190.7,4.0,36.0
1359,0.0,0.0,6.0,6.0,237.971,-177.163,4.0,36.0
1360,0.0,0.0,6.0,6.0,247.869,-163.026,4.0,36.0
1361,0.0,0.0,6.0,6.0,256.929,-148.338,4.0,36.0
1362,0.0,0.0,6.0,6.0,265.12,-133.148,4.0,36.0
1363,0.0,0.0,6.0,6.0,272.413,-117.507,4.0,36.0
1364,0.0,0.0,6.0,6.0,278.784,-101.469,4.0,36.0
1365,0.0,0.0,6.0,6.0,284.213,-85.088,4.0,36.0
1366,0.0,0.0,6.0,6.0,288.679,-68.418,4.0,36.0
1367,0.0,0.0,6.0,6.0,292.169,-51.517,4.0,36.0
1368,0.0,0.0,6.0,6.0,294.67,-34.442,4.0,36.0
1369,0.0,0.0,6.0,6.0,296.174,-17.25,4.0,36.0
1370,0.0,0.0,6.0,6.0,296.676,0.0,4.0,36.0
1371,0.0,0.0,6.0,6.0,310.046,8.472,4.0,36.0
1372,0.0,0.0,6.0,6.0,309.12,25.391,4.0,36.0
1373,0.0,0.0,6.0,6.0,307.273,42.234,4.0,36.0
1374,0.0,0.0,6.0,6.0,304.508,58.951,4.0,36.0
1375,0.0,0.0,6.0,6.0,300.834,75.492,4.0,36.0
1376,0.0,0.0,6.0,6.0,296.263,91.807,4.0,36.0
1377,0.0,0.0,6.0,6.0,290.807,107.849,4.0,36.0
1378,0.0,0.0,6.0,6.0,284.484,123.569,4.0,36.0
1379,0.0,0.0,6.0,6.0,277.311,138.92,4.0,36.0
1380,0.0,0.0,6.0,6.0,269.311,153.856,4.0,36.0
1381,0.0,0.0,6.0,6.0,260.507,168.333,4.0,36.0
1382,0.0,0.0,6.0,6.0,250.926,182.308,4.0,36.0
1383,0.0,0.0,6.0,6.0,240.596,195.739,4.0,36.0
1384,0.0,0.0,6.0,6.0,229.548,208.586,4.0,36.0
1385,0.0,0.0,6.0,6.0,217.814,220.81,4.0,36.0
1386,0.0,0.0,6.0,6.0,205.431,232.375,4.0,36.0
1387,0.0,0.0,6.0,6.0,192.435,243.247,4.0,36.0
1388,0.0,0.0,6.0,6.0,178.864,253.393,4.0,36.0
1389,0.0,0.0,6.0,6.0,164.76,262.782,4.0,36.0
1390,0.0,0.0,6.0,6.0,150.163,271.387,4.0,36.0
1391,0.0,0.0,6.0,6.0,135.119,279.183,4.0,36.0
1392,0.0,0.0,6.0,6.0,119.671,286.145,4.0,36.0
1393,0.0,0.0,6.0,6.0,103.867,292.253,4.0,36.0
1394,0.0,0.0,6.0,6.0,87.752,297.489,4.0,36.0
1395,0.0,0.0,6.0,6.0,71.375,301.837,4.0,36.0
1396,0.0,0.0,6.0,6.0,54.786,305.285,4.0,36.0
1397,0.0,0.0,6.0,6.0,38.033,307.821,4.0,36.0
1398,0.0,0.0,6.0,6.0,21.166,309.438,4.0,36.0
1399,0.0,0.0,6.0,6.0,4.236,310.133,4.0,36.0
1400,0.0,0.0,6.0,6.0,-12.706,309.901,4.0,36.0
1401,0.0,0.0,6.0,6.0,-29.611,308.745,4.0,36.0
1402,0.0,0.0,6.0,6.0,-46.427,306.667,4.0,36.0
1403,0.0,0.0,6.0,6.0,-63.104,303.674,4.0,36.0
1404,0.0,0.0,6.0,6.0,-79.593,299.775,4.0,36.0
1405,0.0,0.0,6.0,6.0,-95.845,294.981,4.0,36.0
1406,0.0,0.0,6.0,6.0,-111.811,289.307,4.0,36.0
1407,0.0,0.0,6.0,6.0,-127.443,282.769,4.0,36.0
1408,0.0,0.0,6.0,6.0,-142.694,275.388,4.0,36.0
1409,0.0,0.0,6.0,6.0,-157.52,267.184,4.0,36.0
1410,0.0,0.0,6.0,6.0,-171.876,258.184,4.0,36.0
1411,0.0,0.0,6.0,6.0,-185.719,248.412,4.0,36.0
1412,0.0,0.0,6.0,6.0,-199.007,237.9,4.0,36.0
1413,0.0,0.0,6.0,6.0,-211.702,226.677,4.0,36.0
1414,0.0,0.0,6.0,6.0,-223.764,214.778,4.0,36.0
1415,0.0,0.0,6.0,6.0,-235.159,202.238,4.0,36.0
1416,0.0,0.0,6.0,6.0,-245.853,189.094,4.0,36.0
1417,0.0,0.0,6.0,6.0,-255.812,175.386,4.0,36.0
1418,0.0,0.0,6.0,6.0,-265.008,161.155,4.0,36.0
1419,0.0,0.0,6.0,6.0,-273.413,146.443,4.0,36.0
1420,0.0,0.0,6.0,6.0,-281.002,131.293,4.0,36.0
1421,0.0,0.0,6.0,6.0,-287.753,115.752,4.0,36.0
1422,0.0,0.0,6.0,6.0,-293.644,99.865,4.0,36.0
1423,0.0,0.0,6.0,6.0,-298.66,83.681,4.0,36.0
1424,0.0,0.0,6.0,6.0,-302.784,67.246,4.0,36.0
1425,0.0,0.0,6.0,6.0,-306.004,50.611,4.0,36.0
1426,0.0,0.0,6.0,6.0,-308.312,33.825,4.0,36.0
1427,0.0,0.0,6.0,6.0,-309.699,16.938,4.0,36.0
1428,0.0,0.0,6.0,6.0,-310.161,0.0,4.0,36.0
1429,0.0,0.0,6.0,6.0,-309.699,-16.938,4.0,36.0
1430,0.0,0.0,6.0,6.0,-308.312,-33.825,4.0,36.0
1431,0.0,0.0,6.0,6.0,-306.004,-50.611,4.0,36.0
1432,0.0,0.0,6.0,6.0,-302.784,-67.246,4.0,36.0
1433,0.0,0.0,6.0,6.0,-298.66,-83.681,4.0,36.0
1434,0.0,0.0,6.0,6.0,-293.644,-99.865,4.0,36.0
1435,0.0,0.0,6.0,6.0,-287.753,-115.752,4.0,36.0
1436,0.0,0.0,6.0,6.0,-281.002,-131.293,4.0,36.0
1437,0.0,0.0,6.0,6.0,-273.413,-146.443,4.0,36.0
1438,0.0,0.0,6.0,6.0,-265.008,-161.155,4.0,36.0
1439,0.0,0.0,6.0,6.0,-255.812,-175.386,4.0,36.0
1440,0.0,0.0,6.0,6.0,-245.853,-189.094,4.0,36.0
1441,0.0,0.0,6.0,6.0,-235.159,-202.238,4.0,36.0
1442,0.0,0.0,6.0,6.0,-223.764,-214.778,4.0,36.0
1443,0.0,0.0,6.0,6.0,-211.702,-226.677,4.0,36.0
1444,0.0,0.0,6.0,6.0,-199.007,-237.9,4.0,36.0
1445,0.0,0.0,6.0,6.0,-185.719,-248.412,4.0,36.0
1446,0.0,0.0,6.0,6.0,-171.876,-258.184,4.0,36.0
1447,0.0,0.0,6.0,6.0,-157.52,-267.184,4.0,36.0
1448,0.0,0.0,6.0,6.0,-142.694,-275.388,4.0,36.0
1449,0.0,0.0,6.0,6.0,-127.443,-282.769,4.0,36.0
1450,0.0,0.0,6.0,6.0,-111.811,-289.307,4.0,36.0
1451,0.0,0.0,6.0,6.0,-95.845,-294.981,4.0,36.0
1452,0.0,0.0,6.0,6.0,-79.593,-299.775,4.0,36.0
1453,0.0,0.0,6.0,6.0,-63.104,-303.674,4.0,36.0
1454,0.0,0.0,6.0,6.0,-46.427,-306.667,4.0,36.0
1455,0.0,0.0,6.0,6.0,-29.611,-308.745,4.0,36.0
1456,0.0,0.0,6.0,6.0,-12.706,-309.901,4.0,36.0
1457,0.0,0.0,6.0,6.0,4.236,-310.133,4.0,36.0
1458,0.0,0.0,6.0,6.0,21.166,-309.438,4.0,36.0
1459,0.0,0.0,6.0,6.0,38.033,-307.821,4.0,36.0
1460,0.0,0.0,6.0,6.0,54.786,-305.285,4.0,36.0
1461,0.0,0.0,6.0,6.0,71.375,-301.837,4.0,36.0
1462,0.0,0.0,6.0,6.0,87.752,-297.489,4.0,36.0
1463,0.0,0.0,6.0,6.0,103.867,-292.253,4.0,36.0
1464,0.0,0.0,6.0,6.0,119.671,-286.145,4.0,36.0
1465,0.0,0.0,6.0,6.0,135.119,-279.183,4.0,36.0
1466,0.0,0.0,6.0,6.0,150.163,-271.387,4.0,36.0
1467,0.0,0.0,6.0,6.0,164.76,-262.782,4.0,36.0
1468,0.0,0.0,6.0,6.0,178.864,-253.393,4.0,36.0
1469,0.0,0.0,6.0,6.0,192.435,-243.247,4.0,36.0
1470,0.0,0.0,6.0,6.0,205.431,-232.375,4.0,36.0
1471,0.0,0.0,6.0,6.0,217.814,-220.81,4.0,36.0
1472,0.0,0.0,6.0,6.0,229.548,-208.586,4.0,36.0
1473,0.0,0.0,6.0,6.0,240.596,-195.739,4.0,36.0
1474,0.0,0.0,6.0,6.0,250.926,-182.308,4.0,36.0
1475,0.0,0.0,6.0,6.0,260.507,-168.333,4.0,36.0
1476,0.0,0.0,6.0,6.0,269.311,-153.856,4.0,36.0
1477,0.0,0.0,6.0,6.0,277.311,-138.92,4.0,36.0
1478,0.0,0.0,6.0,6.0,284.484,-123.569,4.0,36.0
1479,0.0,0.0,6.0,6.0,290.807,-107.849,4.0,36.0
1480,0.0,0.0,6.0,6.0,296.263,-91.807,4.0,36.0
1481,0.0,0.0,6.0,6.0,300.834,-75.492,4.0,36.0
1482,0.0,0.0,6.0,6.0,304.508,-58.951,4.0,36.0
1483,0.0,0.0,6.0,6.0,307.273,-42.234,4.0,36.0
1484,0.0,0.0,6.0,6.0,309.12,-25.391,4.0,36.0
1485,0.0,0.0,6.0,6.0,310.046,-8.472,4.0,36.0
1486,0.0,0.0,6.0,6.0,323.275,15.517,4.0,36.0
1487,0.0,0.0,6.0,6.0,322.159,30.999,4.0,36.0
1488,0.0,0.0,6.0,6.0,320.302,46.409,4.0,36.0
1489,0.0,0.0,6.0,6.0,317.709,61.712,4.0,36.0
1490,0.0,0.0,6.0,6.0,314.385,76.874,4.0,36.0
1491,0.0,0.0,6.0,6.0,310.337,91.859,4.0,36.0
1492,0.0,0.0,6.0,6.0,305.576,106.632,4.0,36.0
1493,0.0,0.0,6.0,6.0,300.112,121.16,4.0,36.0
1494,0.0,0.0,6.0,6.0,293.958,135.41,4.0,36.0
1495,0.0,0.0,6.0,6.0,287.128,149.348,4.0,36.0
1496,0.0,0.0,6.0,6.0,279.637,162.942,4.0,36.0
1497,0.0,0.0,6.0,6.0,271.503,176.162,4.0,36.0
1498,0.0,0.0,6.0,6.0,262.745,188.977,4.0,36.0
1499,0.0,0.0,6.0,6.0,253.383,201.357,4.0,36.0
1500,0.0,0.0,6.0,6.0,243.437,213.274,4.0,36.0
1501,0.0,0.0,6.0,6.0,232.932,224.7,4.0,36.0
1502,0.0,0.0,6.0,6.0,221.891,235.609,4.0,36.0
1503,0.0,0.0,6.0,6.0,210.339,245.977,4.0,36.0
1504,0.0,0.0,6.0,6.0,198.304,255.779,4.0,36.0
1505,0.0,0.0,6.0,6.0,185.813,264.992,4.0,36.0
1506,0.0,0.0,6.0,6.0,172.894,273.596,4.0,36.0
1507,0.0,0.0,6.0,6.0,159.578,281.571,4.0,36.0
1508,0.0,0.0,6.0,6.0,145.894,288.898,4.0,36.0
1509,0.0,0.0,6.0,6.0,131.875,295.561,4.0,36.0
1510,0.0,0.0,6.0,6.0,117.553,301.544,4.0,36.0
1511,0.0,0.0,6.0,6.0,102.96,306.833,4.0,36.0
1512,0.0,0.0,6.0,6.0,88.131,311.416,4.0,36.0
1513,0.0,0.0,6.0,6.0,73.099,315.284,4.0,36.0
1514,0.0,0.0,6.0,6.0,57.898,318.426,4.0,36.0
1515,0.0,0.0,6.0,6.0,42.565,320.836,4.0,36.0
1516,0.0,0.0,6.0,6.0,27.134,322.507,4.0,36.0
1517,0.0,0.0,6.0,6.0,11.64,323.437,4.0,36.0
1518,0.0,0.0,6.0,6.0,-3.881,323.623,4.0,36.0
1519,0.0,0.0,6.0,6.0,-19.392,323.065,4.0,36.0
1520,0.0,0.0,6.0,6.0,-34.859,321.764,4.0,36.0
1521,0.0,0.0,6.0,6.0,-50.246,319.723,4.0,36.0
1522,0.0,0.0,6.0,6.0,-65.517,316.946,4.0,36.0
1523,0.0,0.0,6.0,6.0,-80.638,313.44,4.0,36.0
1524,0.0,0.0,6.0,6.0,-95.573,309.214,4.0,36.0
1525,0.0,0.0,6.0,6.0,-110.288,304.276,4.0,36.0
1526,0.0,0.0,6.0,6.0,-124.75,298.638,4.0,36.0
1527,0.0,0.0,6.0,6.0,-138.925,292.313,4.0,36.0
1528,0.0,0.0,6.0,6.0,-152.78,285.317,4.0,36.0
1529,0.0,0.0,6.0,6.0,-166.284,277.663,4.0,36.0
1530,0.0,0.0,6.0,6.0,-179.405,269.372,4.0,36.0
1531,0.0,0.0,6.0,6.0,-192.114,260.46,4.0,36.0
1532,0.0,0.0,6.0,6.0,-204.38,250.95,4.0,36.0
1533,0.0,0.0,6.0,6.0,-216.177,240.862,4.0,36.0
1534,0.0,0.0,6.0,6.0,-227.477,230.221,4.0,36.0
1535,0.0,0.0,6.0,6.0,-238.253,219.05,4.0,36.0
1536,0.0,0.0,6.0,6.0,-248.481,207.375,4.0,36.0
1537,0.0,0.0,6.0,6.0,-258.138,195.223,4.0,36.0
1538,0.0,0.0,6.0,6.0,-267.201,182.622,4.0,36.0
1539,0.0,0.0,6.0,6.0,-275.65,169.601,4.0,36.0
1540,0.0,0.0,6.0,6.0,-283.464,156.19,4.0,36.0
1541,0.0,0.0,6.0,6.0,-290.627,142.42,4.0,36.0
1542,0.0,0.0,6.0,6.0,-297.121,128.322,4.0,36.0
1543,0.0,0.0,6.0,6.0,-302.931,113.929,4.0,36.0
1544,0.0,0.0,6.0,6.0,-308.045,99.274,4.0,36.0
1545,0.0,0.0,6.0,6.0,-312.451,84.391,4.0,36.0
1546,0.0,0.0,6.0,6.0,-316.137,69.313,4.0,36.0
1547,0.0,0.0,6.0,6.0,-319.097,54.076,4.0,36.0
1548,0.0,0.0,6.0,6.0,-321.323,38.715,4.0,36.0
1549,0.0,0.0,6.0,6.0,-322.81,23.265,4.0,36.0
1550,0.0,0.0,6.0,6.0,-323.554,7.761,4.0,36.0
1551,0.0,0.0,6.0,6.0,-323.554,-7.761,4.0,36.0
1552,0.0,0.0,6.0,6.0,-322.81,-23.265,4.0,36.0
1553,0.0,0.0,6.0,6.0,-321.323,-38.715,4.0,36.0
1554,0.0,0.0,6.0,6.0,-319.097,-54.076,4.0,36.0
1555,0.0,0.0,6.0,6.0,-316.137,-69.313,4.0,36.0
1556,0.0,0.0,6.0,6.0,-312.451,-84.391,4.0,36.0
1557,0.0,0.0,6.0,6.0,-308.045,-99.274,4.0,36.0
1558,0.0,0.0,6.0,6.0,-302.931,-113.929,4.0,36.0
1559,0.0,0.0,6.0,6.0,-297.121,-128.322,4.0,36.0
1560,0.0,0.0,6.0,6.0,-290.627,-142.42,4.0,36.0
1561,0.0,0.0,6.0,6.0,-283.464,-156.19,4.0,36.0
1562,0.0,0.0,6.0,6.0,-275.65,-169.601,4.0,36.0
1563,0.0,0.0,6.0,6.0,-267.201,-182.622,4.0,36.0
1564,0.0,0.0,6.0,6.0,-258.138,-195.223,4.0,36.0
1565,0.0,0.0,6.0,6.0,-248.481,-207.375,4.0,36.0
1566,0.0,0.0,6.0,6.0,-238.253,-219.05,4.0,36.0
1567,0.0,0.0,6.0,6.0,-227.477,-230.221,4.0,36.0
1568,0.0,0.0,6.0,6.0,-216.177,-240.862,4.0,36.0
1569,0.0,0.0,6.0,6.0,-204.38,-250.95,4.0,36.0
1570,0.0,0.0,6.0,6.0,-192.114,-260.46,4.0,36.0
1571,0.0,0.0,6.0,6.0,-179.405,-269.372,4.0,36.0
1572,0.0,0.0,6.0,6.0,-166.284,-277.663,4.0,36.0
1573,0.0,0.0,6.0,6.0,-152.78,-285.317,4.0,36.0
1574,0.0,0.0,6.0,6.0,-138.925,-292.313,4.0,36.0
1575,0.0,0.0,6.0,6.0,-124.75,-298.638,4.0,36.0
1576,0.0,0.0,6.0,6.0,-110.288,-304.276,4.0,36.0
1577,0.0,0.0,6.0,6.0,-95.573,-309.214,4.0,36.0
1578,0.0,0.0,6.0,6.0,-80.638,-313.44,4.0,36.0
1579,0.0,0.0,6.0,6.0,-65.517,-316.946,4.0,36.0
1580,0.0,0.0,6.0,6.0,-50.246,-319.723,4.0,36.0
1581,0.0,0.0,6.0,6.0,-34.859,-321.764,4.0,36.0
1582,0.0,0.0,6.0,6.0,-19.392,-323.065,4.0,36.0
1583,0.0,0.0,6.0,6.0,-3.881,-323.623,4.0,36.0
1584,0.0,0.0,6.0,6.0,11.64,-323.437,4.0,36.0
1585,0.0,0.0,6.0,6.0,27.134,-322.507,4.0,36.0
1586,0.0,0.0,6.0,6.0,42.565,-320.836,4.0,36.0
1587,0.0,0.0,6.0,6.0,57.898,-318.426,4.0,36.0
1588,0.0,0.0,6.0,6.0,73.099,-315.284,4.0,36.0
1589,0.0,0.0,6.0,6.0,88.131,-311.416,4.0,36.0
1590,0.0,0.0,6.0,6.0,102.96,-306.833,4.0,36.0
1591,0.0,0.0,6.0,6.0,117.553,-301.544,4.0,36.0
1592,0.0,0.0,6.0,6.0,131.875,-295.561,4.0,36.0
1593,0.0,0.0,6.0,6.0,145.894,-288.898,4.0,36.0
1594,0.0,0.0,6.0,6.0,159.578,-281.571,4.0,36.0
1595,0.0,0.0,6.0,6.0,172.894,-273.596,4.0,36.0
1596,0.0,0.0,6.0,6.0,185.813,-264.992,4.0,36.0
1597,0.0,0.0,6.0,6.0,198.304,-255.779,4.0,36.0
1598,0.0,0.0,6.0,6.0,210.339,-245.977,4.0,36.0
1599,0.0,0.0,6.0,6.0,221.891,-235.609,4.0,36.0
1600,0.0,0.0,6.0,6.0,232.932,-224.7,4.0,36.0
1601,0.0,0.0,6.0,6.0,243.437,-213.274,4.0,36.0
1602,0.0,0.0,6.0,6.0,253.383,-201.357,4.0,36.0
1603,0.0,0.0,6.0,6.0,262.745,-188.977,4.0,36.0
1604,0.0,0.0,6.0,6.0,271.503,-176.162,4.0,36.0
1605,0.0,0.0,6.0,6.0,279.637,-162.942,4.0,36.0
1606,0.0,0.0,6.0,6.0,287.128,-149.348,4.0,36.0
1607,0.0,0.0,6.0,6.0,293.958,-135.41,4.0,36.0
1608,0.0,0.0,6.0,6.0,300.112,-121.16,4.0,36.0
1609,0.0,0.0,6.0,6.0,305.576,-106.632,4.0,36.0
1610,0.0,0.0,6.0,6.0,310.337,-91.859,4.0,36.0
1611,0.0,0.0,6.0,6.0,314.385,-76.874,4.0,36.0
1612,0.0,0.0,6.0,6.0,317.709,-61.712,4.0,36.0
1613,0.0,0.0,6.0,6.0,320.302,-46.409,4.0,36.0
1614,0.0,0.0,6.0,6.0,322.159,-30.999,4.0,36.0
1615,0.0,0.0,6.0,6.0,323.275,-15.517,4.0,36.0
1616,0.0,0.0,6.0,6.0,323.647,0.0,4.0,36.0
1617,0.0,0.0,6.0,6.0,337.032,8.21,4.0,36.0
1618,0.0,0.0,6.0,6.0,336.233,24.609,4.0,36.0
1619,0.0,0.0,6.0,6.0,334.636,40.95,4.0,36.0
1620,0.0,0.0,6.0,6.0,332.245,57.194,4.0,36.0
1621,0.0,0.0,6.0,6.0,329.066,73.303,4.0,36.0
1622,0.0,0.0,6.0,6.0,325.107,89.237,4.0,36.0
1623,0.0,0.0,6.0,6.0,320.377,104.96,4.0,36.0
1624,0.0,0.0,6.0,6.0,314.887,120.434,4.0,36.0
1625,0.0,0.0,6.0,6.0,308.65,135.622,4.0,36.0
1626,0.0,0.0,6.0,6.0,301.681,150.489,4.0,36.0
1627,0.0,0.0,6.0,6.0,293.996,164.998,4.0,36.0
1628,0.0,0.0,6.0,6.0,285.614,179.117,4.0,36.0
1629,0.0,0.0,6.0,6.0,276.554,192.81,4.0,36.0
1630,0.0,0.0,6.0,6.0,266.839,206.046,4.0,36.0
1631,0.0,0.0,6.0,6.0,256.49,218.794,4.0,36.0
1632,0.0,0.0,6.0,6.0,245.534,231.022,4.0,36.0
1633,0.0,0.0,6.0,6.0,233.995,242.703,4.0,36.0
1634,0.0,0.0,6.0,6.0,221.901,253.807,4.0,36.0
1635,0.0,0.0,6.0,6.0,209.28,264.31,4.0,36.0
1636,0.0,0.0,6.0,6.0,196.163,274.186,4.0,36.0
1637,0.0,0.0,6.0,6.0,182.581,283.412,4.0,36.0
1638,0.0,0.0,6.0,6.0,168.566,291.965,4.0,36.0
1639,0.0,0.0,6.0,6.0,154.151,299.826,4.0,36.0
1640,0.0,0.0,6.0,6.0,139.37,306.975,4.0,36.0
1641,0.0,0.0,6.0,6.0,124.259,313.397,4.0,36.0
1642,0.0,0.0,6.0,6.0,108.853,319.075,4.0,36.0
1643,0.0,0.0,6.0,6.0,93.189,323.997,4.0,36.0
1644,0.0,0.0,6.0,6.0,77.304,328.149,4.0,36.0
1645,0.0,0.0,6.0,6.0,61.236,331.524,4.0,36.0
1646,0.0,0.0,6.0,6.0,45.022,334.112,4.0,36.0
1647,0.0,0.0,6.0,6.0,28.701,335.908,4.0,36.0
1648,0.0,0.0,6.0,6.0,12.313,336.907,4.0,36.0
1649,0.0,0.0,6.0,6.0,-4.105,337.107,4.0,36.0
1650,0.0,0.0,6.0,6.0,-20.513,336.507,4.0,36.0
1651,0.0,0.0,6.0,6.0,-36.873,335.11,4.0,36.0
1652,0.0,0.0,6.0,6.0,-53.144,332.917,4.0,36.0
1653,0.0,0.0,6.0,6.0,-69.29,329.935,4.0,36.0
1654,0.0,0.0,6.0,6.0,-85.272,326.17,4.0,36.0
1655,0.0,0.0,6.0,6.0,-101.051,321.631,4.0,36.0
1656,0.0,0.0,6.0,6.0,-116.591,316.33,4.0,36.0
1657,0.0,0.0,6.0,6.0,-131.854,310.278,4.0,36.0
1658,0.0,0.0,6.0,6.0,-146.804,303.491,4.0,36.0
1659,0.0,0.0,6.0,6.0,-161.406,295.983,4.0,36.0
1660,0.0,0.0,6.0,6.0,-175.626,287.774,4.0,36.0
1661,0.0,0.0,6.0,6.0,-189.428,278.881,4.0,36.0
1662,0.0,0.0,6.0,6.0,-202.782,269.328,4.0,36.0
1663,0.0,0.0,6.0,6.0,-215.654,259.136,4.0,36.0
1664,0.0,0.0,6.0,6.0,-228.015,248.329,4.0,36.0
1665,0.0,0.0,6.0,6.0,-239.835,236.933,4.0,36.0
1666,0.0,0.0,6.0,6.0,-251.087,224.975,4.0,36.0
1667,0.0,0.0,6.0,6.0,-261.742,212.483,4.0,36.0
1668,0.0,0.0,6.0,6.0,-271.777,199.487,4.0,36.0
1669,0.0,0.0,6.0,6.0,-281.167,186.019,4.0,36.0
1670,0.0,0.0,6.0,6.0,-289.891,172.109,4.0,36.0
1671,0.0,0.0,6.0,6.0,-297.926,157.79,4.0,36.0
1672,0.0,0.0,6.0,6.0,-305.256,143.098,4.0,36.0
1673,0.0,0.0,6.0,6.0,-311.861,128.066,4.0,36.0
1674,0.0,0.0,6.0,6.0,-317.726,112.73,4.0,36.0
1675,0.0,0.0,6.0,6.0,-322.838,97.127,4.0,36.0
1676,0.0,0.0,6.0,6.0,-327.184,81.294,4.0,36.0
1677,0.0,0.0,6.0,6.0,-330.754,65.268,4.0,36.0
1678,0.0,0.0,6.0,6.0,-333.539,49.087,4.0,36.0
1679,0.0,0.0,6.0,6.0,-335.534,32.789,4.0,36.0
1680,0.0,0.0,6.0,6.0,-336.732,16.414,4.0,36.0
1681,0.0,0.0,6.0,6.0,-337.132,0.0,4.0,36.0
1682,0.0,0.0,6.0,6.0,-336.732,-16.414,4.0,36.0
1683,0.0,0.0,6.0,6.0,-335.534,-32.789,4.0,36.0
1684,0.0,0.0,6.0,6.0,-333.539,-49.087,4.0,36.0
1685,0.0,0.0,6.0,6.0,-330.754,-65.268,4.0,36.0
1686,0.0,0.0,6.0,6.0,-327.184,-81.294,4.0,36.0
1687,0.0,0.0,6.0,6.0,-322.838,-97.127,4.0,36.0
1688,0.0,0.0,6.0,6.0,-317.726,-112.73,4.0,36.0
1689,0.0,0.0,6.0,6.0,-311.861,-128.066,4.0,36.0
1690,0.0,0.0,6.0,6.0,-305.256,-143.098,4.0,36.0
1691,0.0,0.0,6.0,6.0,-297.926,-157.79,4.0,36.0
1692,0.0,0.0,6.0,6.0,-289.891,-172.109,4.0,36.0
1693,0.0,0.0,6.0,6.0,-281.167,-186.019,4.0,36.0
1694,0.0,0.0,6.0,6.0,-271.777,-199.487,4.0,36.0
1695,0.0,0.0,6.0,6.0,-261.742,-212.483,4.0,36.0
1696,0.0,0.0,6.0,6.0,-251.087,-224.975,4.0,36.0
1697,0.0,0.0,6.0,6.0,-239.835,-236.933,4.0,36.0
1698,0.0,0.0,6.0,6.0,-228.015,-248.329,4.0,36.0
1699,0.0,0.0,6.0,6.0,-215.654,-259.136,4.0,36.0
1700,0.0,0.0,6.0,6.0,-202.782,-269.328,4.0,36.0
1701,0.0,0.0,6.0,6.0,-189.428,-278.881,4.0,36.0
1702,0.0,0.0,6.0,6.0,-175.626,-287.774,4.0,36.0
1703,0.0,0.0,6.0,6.0,-161.406,-295.983,4.0,36.0
1704,0.0,0.0,6.0,6.0,-146.804,-303.491,4.0,36.0
1705,0.0,0.0,6.0,6.0,-131.854,-310.278,4.0,36.0
1706,0.0,0.0,6.0,6.0,-116.591,-316.33,4.0,36.0
1707,0.0,0.0,6.0,6.0,-101.051,-321.631,4.0,36.0
1708,0.0,0.0,6.0,6.0,-85.272,-326.17,4.0,36.0
1709,0.0,0.0,6.0,6.0,-69.29,-329.935,4.0,36.0
1710,0.0,0.0,6.0,6.0,-53.144,-332.917,4.0,36.0
1711,0.0,0.0,6.0,6.0,-36.873,-335.11,4.0,36.0
1712,0.0,0.0,6.0,6.0,-20.513,-336.507,4.0,36.0
1713,0.0,0.0,6.0,6.0,-4.105,-337.107,4.0,36.0
1714,0.0,0.0,6.0,6.0,12.313,-336.907,4.0,36.0
1715,0.0,0.0,6.0,6.0,28.701,-335.908,4.0,36.0
1716,0.0,0.0,6.0,6.0,45.022,-334.112,4.0,36.0
1717,0.0,0.0,6.0,6.0,61.236,-331.524,4.0,36.0
1718,0.0,0.0,6.0,6.0,77.304,-328.149,4.0,36.0
1719,0.0,0.0,6.0,6.0,93.189,-323.997,4.0,36.0
1720,0.0,0.0,6.0,6.0,108.853,-319.075,4.0,36.0
1721,0.0,0.0,6.0,6.0,124.259,-313.397,4.0,36.0
1722,0.0,0.0,6.0,6.0,139.37,-306.975,4.0,36.0
1723,0.0,0.0,6.0,6.0,154.151,-299.826,4.0,36.0
1724,0.0,0.0,6.0,6.0,168.566,-291.965,4.0,36.0
1725,0.0,0.0,6.0,6.0,182.581,-283.412,4.0,36.0
1726,0.0,0.0,6.0,6.0,196.163,-274.186,4.0,36.0
1727,0.0,0.0,6.0,6.0,209.28,-264.31,4.0,36.0
1728,0.0,0.0,6.0,6.0,221.901,-253.807,4.0,36.0
1729,0.0,0.0,6.0,6.0,233.995,-242.703,4.0,36.0
1730,0.0,0.0,6.0,6.0,245.534,-231.022,4.0,36.0
1731,0.0,0.0,6.0,6.0,256.49,-218.794,4.0,36.0
1732,0.0,0.0,6.0,6.0,266.839,-206.046,4.0,36.0
1733,0.0,0.0,6.0,6.0,276.554,-192.81,4.0,36.0
1734,0.0,0.0,6.0,6.0,285.614,-179.117,4.0,36.0
1735,0.0,0.0,6.0,6.0,293.996,-164.998,4.0,36.0
1736,0.0,0.0,6.0,6.0,301.681,-150.489,4.0,36.0
1737,0.0,0.0,6.0,6.0,308.65,-135.622,4.0,36.0
1738,0.0,0.0,6.0,6.0,314.887,-120.434,4.0,36.0
1739,0.0,0.0,6.0,6.0,320.377,-104.96,4.0,36.0
1740,0.0,0.0,6.0,6.0,325.107,-89.237,4.0,36.0
1741,0.0,0.0,6.0,6.0,329.066,-73.303,4.0,36.0
1742,0.0,0.0,6.0,6.0,332.245,-57.194,4.0,36.0
1743,0.0,0.0,6.0,6.0,334.636,-40.95,4.0,36.0
1744,0.0,0.0,6.0,6.0,336.233,-24.609,4.0,36.0
1745,0.0,0.0,6.0,6.0,337.032,-8.21,4.0,36.0
